gid_union,division,district,upazila,union,division_bn,district_bn,upazila_bn,union_bn,matched_name,method,paurashava_of,key_score,margin,back_check,union_portal,upazila_portal,district_portal,division_portal,union_check,upazila_check,district_check,division_check
BGD.6.3.1.9_1,Rangpur,Kurigram,Bhurungamari,Shilkhuri,রংপুর,কুড়িগ্রাম,ভূরুঙ্গামারী,শিলখুড়ি,Shilkhuri,exact,,1.0,1.0,1.0,shilkhuriup.kurigram.gov.bd,bhurungamari.kurigram.gov.bd,www.kurigram.gov.bd,www.rangpurdiv.gov.bd,verified,portal,verified,verified
BGD.6.3.1.7_1,Rangpur,Kurigram,Bhurungamari,PaikerChhara,রংপুর,কুড়িগ্রাম,ভূরুঙ্গামারী,পাইকেরছড়া,Paikarchara,exact,,1.0,1.0,1.0,paikarcharaup.kurigram.gov.bd,bhurungamari.kurigram.gov.bd,www.kurigram.gov.bd,www.rangpurdiv.gov.bd,verified,portal,verified,verified
BGD.6.3.1.3_1,Rangpur,Kurigram,Bhurungamari,Bhurungamari,রংপুর,কুড়িগ্রাম,ভূরুঙ্গামারী,ভূরুঙ্গামারী,Bhurungamari,exact,,1.0,1.0,1.0,bhurungamariup.kurigram.gov.bd,bhurungamari.kurigram.gov.bd,www.kurigram.gov.bd,www.rangpurdiv.gov.bd,verified,portal,verified,verified
BGD.6.3.1.8_1,Rangpur,Kurigram,Bhurungamari,Pathardubi,রংপুর,কুড়িগ্রাম,ভূরুঙ্গামারী,পাথরডুবি,Pathordubi,exact,,1.0,1.0,1.0,pathordubiup.kurigram.gov.bd,bhurungamari.kurigram.gov.bd,www.kurigram.gov.bd,www.rangpurdiv.gov.bd,verified,portal,verified,verified
BGD.6.3.1.2_1,Rangpur,Kurigram,Bhurungamari,Bangasonahat,রংপুর,কুড়িগ্রাম,ভূরুঙ্গামারী,বঙ্গসোনাহাট,Bangasonahat,exact,,1.0,1.0,1.0,bangasonahatup.kurigram.gov.bd,bhurungamari.kurigram.gov.bd,www.kurigram.gov.bd,www.rangpurdiv.gov.bd,verified,portal,verified,verified
BGD.6.3.1.5_1,Rangpur,Kurigram,Bhurungamari,CharBhurungamari,রংপুর,কুড়িগ্রাম,ভূরুঙ্গামারী,চর-ভূরুঙ্গামারী,Char-Bhurungamari,exact,,1.0,1.0,1.0,charbhurungamariup.kurigram.gov.bd,bhurungamari.kurigram.gov.bd,www.kurigram.gov.bd,www.rangpurdiv.gov.bd,verified,portal,verified,verified
BGD.6.3.1.10_1,Rangpur,Kurigram,Bhurungamari,Tilai,রংপুর,কুড়িগ্রাম,ভূরুঙ্গামারী,তিলাই,Tilai,exact,,1.0,1.0,1.0,tilaiup.kurigram.gov.bd,bhurungamari.kurigram.gov.bd,www.kurigram.gov.bd,www.rangpurdiv.gov.bd,verified,portal,verified,verified
BGD.6.3.1.6_1,Rangpur,Kurigram,Bhurungamari,Joymanirhat,রংপুর,কুড়িগ্রাম,ভূরুঙ্গামারী,জয়মনিরহাট,Joymonirhat,exact,,1.0,1.0,0.909,joymonirhatup.kurigram.gov.bd,bhurungamari.kurigram.gov.bd,www.kurigram.gov.bd,www.rangpurdiv.gov.bd,verified,portal,verified,verified
BGD.6.3.1.4_1,Rangpur,Kurigram,Bhurungamari,Boldia,রংপুর,কুড়িগ্রাম,ভূরুঙ্গামারী,বলদিয়া,Boldia,exact,,1.0,1.0,1.0,boldiaup.kurigram.gov.bd,bhurungamari.kurigram.gov.bd,www.kurigram.gov.bd,www.rangpurdiv.gov.bd,verified,portal,verified,verified
BGD.6.3.1.1_1,Rangpur,Kurigram,Bhurungamari,AndhariJhar,রংপুর,কুড়িগ্রাম,ভূরুঙ্গামারী,আন্ধারীরঝাড়,Andharirjhar,exact,,1.0,1.0,1.0,andharirjharup.kurigram.gov.bd,bhurungamari.kurigram.gov.bd,www.kurigram.gov.bd,www.rangpurdiv.gov.bd,verified,portal,verified,verified
BGD.6.3.5.11_1,Rangpur,Kurigram,Nageshwari,Noonkhawa,রংপুর,কুড়িগ্রাম,নাগেশ্বরী,নুনখাওয়া,Noonkhawa,exact,,1.0,1.0,1.0,noonkhawaup.kurigram.gov.bd,nageshwari.kurigram.gov.bd,www.kurigram.gov.bd,www.rangpurdiv.gov.bd,verified,verified,verified,verified
BGD.6.3.5.1_1,Rangpur,Kurigram,Nageshwari,BallabherKhas,রংপুর,কুড়িগ্রাম,নাগেশ্বরী,বল্লভেরখাস,Bollobherkhas,exact,,1.0,1.0,1.0,bollobherkhasup.kurigram.gov.bd,nageshwari.kurigram.gov.bd,www.kurigram.gov.bd,www.rangpurdiv.gov.bd,verified,verified,verified,verified
BGD.6.3.5.9_1,Rangpur,Kurigram,Nageshwari,Narayanpur,রংপুর,কুড়িগ্রাম,নাগেশ্বরী,নারায়নপুর,Narayanpur,exact,,1.0,1.0,1.0,narayanpurup.kurigram.gov.bd,nageshwari.kurigram.gov.bd,www.kurigram.gov.bd,www.rangpurdiv.gov.bd,verified,verified,verified,verified
BGD.6.3.5.2_1,Rangpur,Kurigram,Nageshwari,Bamandanga,রংপুর,কুড়িগ্রাম,নাগেশ্বরী,বামনডাঙ্গা,Bamondanga,exact,,1.0,1.0,1.0,bamondangaup.kurigram.gov.bd,nageshwari.kurigram.gov.bd,www.kurigram.gov.bd,www.rangpurdiv.gov.bd,verified,verified,verified,verified
BGD.6.3.5.3_1,Rangpur,Kurigram,Nageshwari,Berubari,রংপুর,কুড়িগ্রাম,নাগেশ্বরী,বেরুবাড়ী,Berubari,exact,,1.0,1.0,1.0,berubariup.kurigram.gov.bd,nageshwari.kurigram.gov.bd,www.kurigram.gov.bd,www.rangpurdiv.gov.bd,verified,verified,verified,verified
BGD.6.3.5.7_1,Rangpur,Kurigram,Nageshwari,Kaliganj,রংপুর,কুড়িগ্রাম,নাগেশ্বরী,কালীগঞ্জ,Kaligonj,exact,,1.0,1.0,1.0,kaligonjup.kurigram.gov.bd,nageshwari.kurigram.gov.bd,www.kurigram.gov.bd,www.rangpurdiv.gov.bd,verified,verified,verified,verified
BGD.6.3.5.6_1,Rangpur,Kurigram,Nageshwari,Kachakata,রংপুর,কুড়িগ্রাম,নাগেশ্বরী,কঁচাকাঁটা,Kachakata,exact,,1.0,1.0,1.0,kachakataup.kurigram.gov.bd,nageshwari.kurigram.gov.bd,www.kurigram.gov.bd,www.rangpurdiv.gov.bd,verified,verified,verified,verified
BGD.6.3.5.14_1,Rangpur,Kurigram,Nageshwari,Royganj,রংপুর,কুড়িগ্রাম,নাগেশ্বরী,রায়গঞ্জ,Raigonj,exact,,1.0,1.0,1.0,raigonjup.kurigram.gov.bd,nageshwari.kurigram.gov.bd,www.kurigram.gov.bd,www.rangpurdiv.gov.bd,verified,verified,verified,verified
BGD.6.3.5.8_1,Rangpur,Kurigram,Nageshwari,Kedar,রংপুর,কুড়িগ্রাম,নাগেশ্বরী,কেদার,Kedar,exact,,1.0,1.0,1.0,kedarup.kurigram.gov.bd,nageshwari.kurigram.gov.bd,www.kurigram.gov.bd,www.rangpurdiv.gov.bd,verified,verified,verified,verified
BGD.6.3.5.15_1,Rangpur,Kurigram,Nageshwari,Santoshpur,রংপুর,কুড়িগ্রাম,নাগেশ্বরী,সন্তোষপুর,Sontaspur,exact,,1.0,1.0,1.0,sontaspurup.kurigram.gov.bd,nageshwari.kurigram.gov.bd,www.kurigram.gov.bd,www.rangpurdiv.gov.bd,verified,verified,verified,verified
BGD.6.3.5.4_1,Rangpur,Kurigram,Nageshwari,Bhitarband,রংপুর,কুড়িগ্রাম,নাগেশ্বরী,ভিতরবন্দ,Bhitorbond,exact,,1.0,1.0,1.0,bhitorbondup.kurigram.gov.bd,nageshwari.kurigram.gov.bd,www.kurigram.gov.bd,www.rangpurdiv.gov.bd,verified,verified,verified,verified
BGD.6.3.5.5_1,Rangpur,Kurigram,Nageshwari,Hasnabad,রংপুর,কুড়িগ্রাম,নাগেশ্বরী,হাসনাবাদ,Hasnabad,exact,,1.0,1.0,1.0,hasnabadup.kurigram.gov.bd,nageshwari.kurigram.gov.bd,www.kurigram.gov.bd,www.rangpurdiv.gov.bd,verified,verified,verified,verified
BGD.6.3.5.12_1,Rangpur,Kurigram,Nageshwari,Paurashava,রংপুর,কুড়িগ্রাম,নাগেশ্বরী,পৌরসভা,,paurashava,,0.0,0.0,0.0,,nageshwari.kurigram.gov.bd,www.kurigram.gov.bd,www.rangpurdiv.gov.bd,composed,verified,verified,verified
BGD.6.3.2.3_1,Rangpur,Kurigram,CharRajibpur,Mohanganj,রংপুর,কুড়িগ্রাম,চর রাজিবপুর,মোহনগঞ্জ,Mohongonj,exact,,1.0,1.0,1.0,mohongonjup.kurigram.gov.bd,charrajibpur.kurigram.gov.bd,www.kurigram.gov.bd,www.rangpurdiv.gov.bd,verified,verified,verified,verified
BGD.6.3.2.2_1,Rangpur,Kurigram,CharRajibpur,Kodailkati,রংপুর,কুড়িগ্রাম,চর রাজিবপুর,কোদালকাটি,Kodalkati,exact,,1.0,1.0,1.0,kodalkatiup.kurigram.gov.bd,charrajibpur.kurigram.gov.bd,www.kurigram.gov.bd,www.rangpurdiv.gov.bd,verified,verified,verified,verified
BGD.6.3.2.1_1,Rangpur,Kurigram,CharRajibpur,CharRajibpur,রংপুর,কুড়িগ্রাম,চর রাজিবপুর,রাজিবপুর,Rajibpur,fuzzy,,0.909,0.742,0.909,rajibpurup.kurigram.gov.bd,charrajibpur.kurigram.gov.bd,www.kurigram.gov.bd,www.rangpurdiv.gov.bd,verified,verified,verified,verified
BGD.6.3.9.12_1,Rangpur,Kurigram,Ulipur,SaheberAlga,রংপুর,কুড়িগ্রাম,উলিপুর,সাহেবের আলগা,Shahabiar Alga,exact,,1.0,1.0,1.0,shahabiaralgaup.kurigram.gov.bd,ulipur.kurigram.gov.bd,www.kurigram.gov.bd,www.rangpurdiv.gov.bd,verified,verified,verified,verified
BGD.6.3.9.1_1,Rangpur,Kurigram,Ulipur,Bazra,রংপুর,কুড়িগ্রাম,উলিপুর,বজরা,Bazra,exact,,1.0,1.0,1.0,bazraup.kurigram.gov.bd,ulipur.kurigram.gov.bd,www.kurigram.gov.bd,www.rangpurdiv.gov.bd,verified,verified,verified,verified
BGD.6.3.9.2_1,Rangpur,Kurigram,Ulipur,Begumganj,রংপুর,কুড়িগ্রাম,উলিপুর,বেগমগঞ্জ,Begumgonj,exact,,1.0,1.0,1.0,begumgonjup.kurigram.gov.bd,ulipur.kurigram.gov.bd,www.kurigram.gov.bd,www.rangpurdiv.gov.bd,verified,verified,verified,verified
BGD.6.3.9.14_1,Rangpur,Kurigram,Ulipur,Thetroy,রংপুর,কুড়িগ্রাম,উলিপুর,থেতরাই,Thetrai,exact,,1.0,1.0,1.0,thetraiup.kurigram.gov.bd,ulipur.kurigram.gov.bd,www.kurigram.gov.bd,www.rangpurdiv.gov.bd,verified,verified,verified,verified
BGD.6.3.9.4_1,Rangpur,Kurigram,Ulipur,Daldalia,রংপুর,কুড়িগ্রাম,উলিপুর,দলদলিয়া,Daldalia,exact,,1.0,1.0,1.0,daldaliaup.kurigram.gov.bd,ulipur.kurigram.gov.bd,www.kurigram.gov.bd,www.rangpurdiv.gov.bd,verified,verified,verified,verified
BGD.6.3.9.8_1,Rangpur,Kurigram,Ulipur,Gunaigachh,রংপুর,কুড়িগ্রাম,উলিপুর,গুনাইগাছ,Gunaigas,exact-bengali,,1.0,1.0,1.0,gunaigasup.kurigram.gov.bd,ulipur.kurigram.gov.bd,www.kurigram.gov.bd,www.rangpurdiv.gov.bd,verified,verified,verified,verified
BGD.6.3.9.3_1,Rangpur,Kurigram,Ulipur,Buraburi,রংপুর,কুড়িগ্রাম,উলিপুর,বুড়াবুড়ী,Buraburi,exact,,1.0,1.0,1.0,buraburiup.kurigram.gov.bd,ulipur.kurigram.gov.bd,www.kurigram.gov.bd,www.rangpurdiv.gov.bd,verified,verified,verified,verified
BGD.6.3.9.9_1,Rangpur,Kurigram,Ulipur,Hatia,রংপুর,কুড়িগ্রাম,উলিপুর,হাতিয়া,Hatia,exact,,1.0,1.0,1.0,hatiaup.kurigram.gov.bd,ulipur.kurigram.gov.bd,www.kurigram.gov.bd,www.rangpurdiv.gov.bd,verified,verified,verified,verified
BGD.6.3.9.11_1,Rangpur,Kurigram,Ulipur,Paurashava,রংপুর,কুড়িগ্রাম,উলিপুর,পৌরসভা,,paurashava,,0.0,0.0,0.0,,ulipur.kurigram.gov.bd,www.kurigram.gov.bd,www.rangpurdiv.gov.bd,composed,verified,verified,verified
BGD.6.3.9.13_1,Rangpur,Kurigram,Ulipur,Tabakpur,রংপুর,কুড়িগ্রাম,উলিপুর,তবকপুর,Tobockpur,exact-bengali,,1.0,1.0,1.0,tobockpurup.kurigram.gov.bd,ulipur.kurigram.gov.bd,www.kurigram.gov.bd,www.rangpurdiv.gov.bd,verified,verified,verified,verified
BGD.6.3.9.7_1,Rangpur,Kurigram,Ulipur,Durgapur,রংপুর,কুড়িগ্রাম,উলিপুর,দুর্গাপুর,Durgapur,exact,,1.0,1.0,1.0,durgapurup.kurigram.gov.bd,ulipur.kurigram.gov.bd,www.kurigram.gov.bd,www.rangpurdiv.gov.bd,verified,verified,verified,verified
BGD.6.3.9.10_1,Rangpur,Kurigram,Ulipur,Pandul,রংপুর,কুড়িগ্রাম,উলিপুর,পান্ডুল,Pandul,exact,,1.0,1.0,1.0,pandulup.kurigram.gov.bd,ulipur.kurigram.gov.bd,www.kurigram.gov.bd,www.rangpurdiv.gov.bd,verified,verified,verified,verified
BGD.6.3.4.5_1,Rangpur,Kurigram,KurigramSadar,Jatrapur,রংপুর,কুড়িগ্রাম,কুড়িগ্রাম সদর,যাত্রাপুর,Jatrapur,exact,,1.0,1.0,1.0,jatrapurup.kurigram.gov.bd,kurigramsadar.kurigram.gov.bd,www.kurigram.gov.bd,www.rangpurdiv.gov.bd,no Bengali title,verified,verified,verified
BGD.6.3.4.7_1,Rangpur,Kurigram,KurigramSadar,Mogalbachha,রংপুর,কুড়িগ্রাম,কুড়িগ্রাম সদর,মোগলবাসা,Mogolbasa,fuzzy,,0.8,0.356,0.8,mogolbasaup.kurigram.gov.bd,kurigramsadar.kurigram.gov.bd,www.kurigram.gov.bd,www.rangpurdiv.gov.bd,verified,verified,verified,verified
BGD.6.3.4.3_1,Rangpur,Kurigram,KurigramSadar,Ghogadaha,রংপুর,কুড়িগ্রাম,কুড়িগ্রাম সদর,ঘোগাদহ,Ghogadhoh,exact,,1.0,1.0,1.0,ghogadhohup.kurigram.gov.bd,kurigramsadar.kurigram.gov.bd,www.kurigram.gov.bd,www.rangpurdiv.gov.bd,no Bengali title,verified,verified,verified
BGD.6.3.4.4_1,Rangpur,Kurigram,KurigramSadar,Holokhana,রংপুর,কুড়িগ্রাম,কুড়িগ্রাম সদর,হলোখানা,Holokhana,exact,,1.0,1.0,1.0,holokhanaup.kurigram.gov.bd,kurigramsadar.kurigram.gov.bd,www.kurigram.gov.bd,www.rangpurdiv.gov.bd,verified,verified,verified,verified
BGD.6.3.4.9_1,Rangpur,Kurigram,KurigramSadar,Punchgachhi,রংপুর,কুড়িগ্রাম,কুড়িগ্রাম সদর,পাঁচগাছি,Panchgachi,exact,,1.0,1.0,0.889,panchgachiup.kurigram.gov.bd,kurigramsadar.kurigram.gov.bd,www.kurigram.gov.bd,www.rangpurdiv.gov.bd,verified,verified,verified,verified
BGD.6.3.4.2_1,Rangpur,Kurigram,KurigramSadar,Bhogdanga,রংপুর,কুড়িগ্রাম,কুড়িগ্রাম সদর,ভোগডাঙ্গা,Bhogdanga,exact,,1.0,1.0,1.0,bhogdangaup.kurigram.gov.bd,kurigramsadar.kurigram.gov.bd,www.kurigram.gov.bd,www.rangpurdiv.gov.bd,verified,verified,verified,verified
BGD.6.3.4.8_1,Rangpur,Kurigram,KurigramSadar,Paurashava,রংপুর,কুড়িগ্রাম,কুড়িগ্রাম সদর,পৌরসভা,,paurashava,,0.0,0.0,0.0,,kurigramsadar.kurigram.gov.bd,www.kurigram.gov.bd,www.rangpurdiv.gov.bd,composed,verified,verified,verified
BGD.6.3.4.1_1,Rangpur,Kurigram,KurigramSadar,Belgachha,রংপুর,কুড়িগ্রাম,কুড়িগ্রাম সদর,বেলগাছা,Belgacha,exact,,1.0,1.0,1.0,belgachaup.kurigram.gov.bd,kurigramsadar.kurigram.gov.bd,www.kurigram.gov.bd,www.rangpurdiv.gov.bd,verified,verified,verified,verified
BGD.6.3.3.5_1,Rangpur,Kurigram,Chilmari,Raniganj,রংপুর,কুড়িগ্রাম,চিলমারী,রাণীগঞ্জ,Ranigonj,exact,,1.0,1.0,1.0,ranigonjup.kurigram.gov.bd,chilmari.kurigram.gov.bd,www.kurigram.gov.bd,www.rangpurdiv.gov.bd,verified,verified,verified,verified
BGD.6.3.3.3_1,Rangpur,Kurigram,Chilmari,Nayerhat,রংপুর,কুড়িগ্রাম,চিলমারী,নয়ারহাট,Nayarhat,exact,,1.0,1.0,0.857,nayarhatup.kurigram.gov.bd,chilmari.kurigram.gov.bd,www.kurigram.gov.bd,www.rangpurdiv.gov.bd,verified,verified,verified,verified
BGD.6.3.3.1_1,Rangpur,Kurigram,Chilmari,AshtamirChar,রংপুর,কুড়িগ্রাম,চিলমারী,অষ্টমীর চর,Austomirchar,exact,,1.0,1.0,1.0,austomircharup.kurigram.gov.bd,chilmari.kurigram.gov.bd,www.kurigram.gov.bd,www.rangpurdiv.gov.bd,verified,verified,verified,verified
BGD.6.3.3.2_1,Rangpur,Kurigram,Chilmari,Chilmari,রংপুর,কুড়িগ্রাম,চিলমারী,চিলমারী,Chilmari,exact,,1.0,1.0,1.0,chilmariup.kurigram.gov.bd,chilmari.kurigram.gov.bd,www.kurigram.gov.bd,www.rangpurdiv.gov.bd,no Bengali title,verified,verified,verified
BGD.6.3.3.6_1,Rangpur,Kurigram,Chilmari,Thanahat,রংপুর,কুড়িগ্রাম,চিলমারী,থানাহাট,Thanahat,exact,,1.0,1.0,1.0,thanahatup.kurigram.gov.bd,chilmari.kurigram.gov.bd,www.kurigram.gov.bd,www.rangpurdiv.gov.bd,verified,verified,verified,verified
BGD.6.3.3.4_1,Rangpur,Kurigram,Chilmari,Ramna,রংপুর,কুড়িগ্রাম,চিলমারী,রমনা,Ramna,exact,,1.0,1.0,1.0,ramnaup.kurigram.gov.bd,chilmari.kurigram.gov.bd,www.kurigram.gov.bd,www.rangpurdiv.gov.bd,verified,verified,verified,verified
BGD.6.2.2.6_1,Rangpur,Gaibandha,GaibandhaSadar,Kamarjani,রংপুর,গাইবান্ধা,গাইবান্ধা সদর,কামারজানি,Kamarjani,exact,,1.0,1.0,1.0,kamarjaniup.gaibandha.gov.bd,gaibandhasadar.gaibandha.gov.bd,www.gaibandha.gov.bd,www.rangpurdiv.gov.bd,verified,verified,verified,verified
BGD.6.2.2.10_1,Rangpur,Gaibandha,GaibandhaSadar,Malibari,রংপুর,গাইবান্ধা,গাইবান্ধা সদর,মালীবাড়ী,Malibari,exact,,1.0,1.0,1.0,malibariup.gaibandha.gov.bd,gaibandhasadar.gaibandha.gov.bd,www.gaibandha.gov.bd,www.rangpurdiv.gov.bd,verified,verified,verified,verified
BGD.6.2.2.11_1,Rangpur,Gaibandha,GaibandhaSadar,MollarChar,রংপুর,গাইবান্ধা,গাইবান্ধা সদর,মোল্লারচর,Mollarchar,exact,,1.0,1.0,1.0,mollarcharup.gaibandha.gov.bd,gaibandhasadar.gaibandha.gov.bd,www.gaibandha.gov.bd,www.rangpurdiv.gov.bd,verified,verified,verified,verified
BGD.6.2.2.5_1,Rangpur,Gaibandha,GaibandhaSadar,Gidari,রংপুর,গাইবান্ধা,গাইবান্ধা সদর,গিদারী,Gidari,exact,,1.0,1.0,1.0,gidariup.gaibandha.gov.bd,gaibandhasadar.gaibandha.gov.bd,www.gaibandha.gov.bd,www.rangpurdiv.gov.bd,verified,verified,verified,verified
BGD.6.2.2.7_1,Rangpur,Gaibandha,GaibandhaSadar,Kholahati,রংপুর,গাইবান্ধা,গাইবান্ধা সদর,খোলাহাটী,Kholahati,exact,,1.0,1.0,1.0,kholahatiup.gaibandha.gov.bd,gaibandhasadar.gaibandha.gov.bd,www.gaibandha.gov.bd,www.rangpurdiv.gov.bd,verified,verified,verified,verified
BGD.6.2.2.14_1,Rangpur,Gaibandha,GaibandhaSadar,SahaPara,রংপুর,গাইবান্ধা,গাইবান্ধা সদর,সাহাপাড়া,Shahapara,exact,,1.0,1.0,1.0,shahaparaup.gaibandha.gov.bd,gaibandhasadar.gaibandha.gov.bd,www.gaibandha.gov.bd,www.rangpurdiv.gov.bd,verified,verified,verified,verified
BGD.6.2.2.8_1,Rangpur,Gaibandha,GaibandhaSadar,Kuptala,রংপুর,গাইবান্ধা,গাইবান্ধা সদর,কুপতলা,Kuptola,exact,,1.0,1.0,1.0,kuptolaup.gaibandha.gov.bd,gaibandhasadar.gaibandha.gov.bd,www.gaibandha.gov.bd,www.rangpurdiv.gov.bd,verified,verified,verified,verified
BGD.6.2.2.1_1,Rangpur,Gaibandha,GaibandhaSadar,Badiakhali,রংপুর,গাইবান্ধা,গাইবান্ধা সদর,বাদিয়াখালী,Badiakhali,exact,,1.0,1.0,1.0,badiakhaliup.gaibandha.gov.bd,gaibandhasadar.gaibandha.gov.bd,www.gaibandha.gov.bd,www.rangpurdiv.gov.bd,verified,verified,verified,verified
BGD.6.3.8.1_1,Rangpur,Kurigram,Raumari,Bandaber,রংপুর,কুড়িগ্রাম,রৌমারী,বন্দবেড়,Bondober,exact,,1.0,1.0,1.0,bondoberup.kurigram.gov.bd,rowmari.kurigram.gov.bd,www.kurigram.gov.bd,www.rangpurdiv.gov.bd,verified,verified,verified,verified
BGD.6.3.8.2_1,Rangpur,Kurigram,Raumari,Dantbhanga,রংপুর,কুড়িগ্রাম,রৌমারী,দাঁতভাঙ্গা,Dadevanga,fuzzy,,0.8,0.436,0.909,dadevangaup.kurigram.gov.bd,rowmari.kurigram.gov.bd,www.kurigram.gov.bd,www.rangpurdiv.gov.bd,verified,verified,verified,verified
BGD.6.3.8.3_1,Rangpur,Kurigram,Raumari,JadurChar,রংপুর,কুড়িগ্রাম,রৌমারী,যাদুরচর,Jadurchar,exact,,1.0,1.0,1.0,jadurcharup.kurigram.gov.bd,rowmari.kurigram.gov.bd,www.kurigram.gov.bd,www.rangpurdiv.gov.bd,verified,verified,verified,verified
BGD.6.3.8.4_1,Rangpur,Kurigram,Raumari,Raumari,রংপুর,কুড়িগ্রাম,রৌমারী,রৌমারী,Rowmari,exact,,1.0,1.0,1.0,rowmariup.kurigram.gov.bd,rowmari.kurigram.gov.bd,www.kurigram.gov.bd,www.rangpurdiv.gov.bd,verified,verified,verified,verified
BGD.6.3.8.5_1,Rangpur,Kurigram,Raumari,Saulmari,রংপুর,কুড়িগ্রাম,রৌমারী,শৌলমারী,Shoulemari,exact,,1.0,1.0,1.0,shoulemariup.kurigram.gov.bd,rowmari.kurigram.gov.bd,www.kurigram.gov.bd,www.rangpurdiv.gov.bd,verified,verified,verified,verified
BGD.6.2.1.4_1,Rangpur,Gaibandha,Fulchhari,Gazaria,রংপুর,গাইবান্ধা,ফুলছড়ি,গজারিয়া,Gazaria,exact,,1.0,1.0,1.0,gazariaup.gaibandha.gov.bd,phulchari.gaibandha.gov.bd,www.gaibandha.gov.bd,www.rangpurdiv.gov.bd,verified,verified,verified,verified
BGD.6.2.1.2_1,Rangpur,Gaibandha,Fulchhari,Fazlupur,রংপুর,গাইবান্ধা,ফুলছড়ি,ফজলুপুর,Fazlupur,exact,,1.0,1.0,1.0,fazlupurup.gaibandha.gov.bd,phulchari.gaibandha.gov.bd,www.gaibandha.gov.bd,www.rangpurdiv.gov.bd,verified,verified,verified,verified
BGD.6.2.1.3_1,Rangpur,Gaibandha,Fulchhari,Fulchhari,রংপুর,গাইবান্ধা,ফুলছড়ি,ফুলছড়ি,Phulchari,exact,,1.0,1.0,1.0,phulchariup.gaibandha.gov.bd,phulchari.gaibandha.gov.bd,www.gaibandha.gov.bd,www.rangpurdiv.gov.bd,verified,verified,verified,verified
BGD.6.2.1.7_1,Rangpur,Gaibandha,Fulchhari,Uria,রংপুর,গাইবান্ধা,ফুলছড়ি,উড়িয়া,Uria,exact,,1.0,1.0,1.0,uriaup.gaibandha.gov.bd,phulchari.gaibandha.gov.bd,www.gaibandha.gov.bd,www.rangpurdiv.gov.bd,verified,verified,verified,verified
BGD.6.2.1.1_1,Rangpur,Gaibandha,Fulchhari,Erendabari,রংপুর,গাইবান্ধা,ফুলছড়ি,এরেন্ডাবাড়ী,Erendabari,exact,,1.0,1.0,1.0,erendabariup.gaibandha.gov.bd,phulchari.gaibandha.gov.bd,www.gaibandha.gov.bd,www.rangpurdiv.gov.bd,verified,verified,verified,verified
BGD.6.2.1.5_1,Rangpur,Gaibandha,Fulchhari,KanchiPara,রংপুর,গাইবান্ধা,ফুলছড়ি,কঞ্চিপাড়া,Kanchipara,exact,,1.0,1.0,1.0,kanchiparaup.gaibandha.gov.bd,phulchari.gaibandha.gov.bd,www.gaibandha.gov.bd,www.rangpurdiv.gov.bd,verified,verified,verified,verified
BGD.6.2.1.6_1,Rangpur,Gaibandha,Fulchhari,Udakhali,রংপুর,গাইবান্ধা,ফুলছড়ি,উদাখালী,Udakhali,exact,,1.0,1.0,1.0,udakhaliup.gaibandha.gov.bd,phulchari.gaibandha.gov.bd,www.gaibandha.gov.bd,www.rangpurdiv.gov.bd,verified,verified,verified,verified
BGD.6.3.7.4_1,Rangpur,Kurigram,Rajarhat,Gharialdanga,রংপুর,কুড়িগ্রাম,রাজারহাট,ঘড়িয়ালডাঙ্গা,Gharialdanga,exact,,1.0,1.0,1.0,gharialdangaup.kurigram.gov.bd,rajarhat.kurigram.gov.bd,www.kurigram.gov.bd,www.rangpurdiv.gov.bd,verified,verified,verified,verified
BGD.6.3.7.3_1,Rangpur,Kurigram,Rajarhat,Chhinai,রংপুর,কুড়িগ্রাম,রাজারহাট,ছিনাই,Chinai,exact,,1.0,1.0,1.0,chinaiup.kurigram.gov.bd,rajarhat.kurigram.gov.bd,www.kurigram.gov.bd,www.rangpurdiv.gov.bd,verified,verified,verified,verified
BGD.6.3.7.7_1,Rangpur,Kurigram,Rajarhat,Rajarhat,রংপুর,কুড়িগ্রাম,রাজারহাট,রাজারহাট,Rajarhat,exact,,1.0,1.0,0.889,rajarhatup.kurigram.gov.bd,rajarhat.kurigram.gov.bd,www.kurigram.gov.bd,www.rangpurdiv.gov.bd,verified,verified,verified,verified
BGD.6.3.7.1_1,Rangpur,Kurigram,Rajarhat,Bidyananda,রংপুর,কুড়িগ্রাম,রাজারহাট,বিদ্যানন্দ,Biddanondo,exact,,1.0,1.0,1.0,biddanondoup.kurigram.gov.bd,rajarhat.kurigram.gov.bd,www.kurigram.gov.bd,www.rangpurdiv.gov.bd,verified,verified,verified,verified
BGD.6.3.7.5_1,Rangpur,Kurigram,Rajarhat,Nazimkhan,রংপুর,কুড়িগ্রাম,রাজারহাট,নাজিমখাঁন,Nazimkhan,exact,,1.0,1.0,1.0,nazimkhanup.kurigram.gov.bd,rajarhat.kurigram.gov.bd,www.kurigram.gov.bd,www.rangpurdiv.gov.bd,verified,verified,verified,verified
BGD.6.3.7.2_1,Rangpur,Kurigram,Rajarhat,Chakirpashar,রংপুর,কুড়িগ্রাম,রাজারহাট,চাকিরপশার,Chakirpashar,exact,,1.0,1.0,1.0,chakirpasharup.kurigram.gov.bd,rajarhat.kurigram.gov.bd,www.kurigram.gov.bd,www.rangpurdiv.gov.bd,verified,verified,verified,verified
BGD.5.8.7.5_1,Rajshahi,Sirajganj,SirajganjSadar,Kaoakola,রাজশাহী,সিরাজগঞ্জ,সিরাজগঞ্জ সদর,কাওয়াখোলা,Kowakhola,exact,,1.0,1.0,1.0,kowakholaup.sirajganj.gov.bd,sirajganjsadar.sirajganj.gov.bd,www.sirajganj.gov.bd,www.rajshahidiv.gov.bd,verified,verified,verified,verified
BGD.5.8.7.11_1,Rajshahi,Sirajganj,SirajganjSadar,SirajganjPaurashava,রাজশাহী,সিরাজগঞ্জ,সিরাজগঞ্জ সদর,সিরাজগঞ্জ পৌরসভা,,paurashava,upazila,0.0,0.0,0.0,,sirajganjsadar.sirajganj.gov.bd,www.sirajganj.gov.bd,www.rajshahidiv.gov.bd,composed,verified,verified,verified
BGD.5.8.7.4_1,Rajshahi,Sirajganj,SirajganjSadar,KaliaHaripur,রাজশাহী,সিরাজগঞ্জ,সিরাজগঞ্জ সদর,কালিয়াহরিপুর,Kaliahoripur,exact,,1.0,1.0,1.0,kaliahoripurup.sirajganj.gov.bd,sirajganjsadar.sirajganj.gov.bd,www.sirajganj.gov.bd,www.rajshahidiv.gov.bd,verified,verified,verified,verified
BGD.5.8.7.7_1,Rajshahi,Sirajganj,SirajganjSadar,Mechhra,রাজশাহী,সিরাজগঞ্জ,সিরাজগঞ্জ সদর,মেছড়া,Mesra,exact-bengali,,1.0,1.0,1.0,mesraup.sirajganj.gov.bd,sirajganjsadar.sirajganj.gov.bd,www.sirajganj.gov.bd,www.rajshahidiv.gov.bd,verified,verified,verified,verified
BGD.5.8.7.3_1,Rajshahi,Sirajganj,SirajganjSadar,Chhangachha,রাজশাহী,সিরাজগঞ্জ,সিরাজগঞ্জ সদর,ছোনগাছা,Songacha,exact-bengali,,1.0,1.0,1.0,songachaup.sirajganj.gov.bd,sirajganjsadar.sirajganj.gov.bd,www.sirajganj.gov.bd,www.rajshahidiv.gov.bd,no Bengali title,verified,verified,verified
BGD.5.8.7.6_1,Rajshahi,Sirajganj,SirajganjSadar,Khoksabari,রাজশাহী,সিরাজগঞ্জ,সিরাজগঞ্জ সদর,খোকশাবাড়ী,Khokshabari,exact,,1.0,1.0,1.0,khokshabariup.nilphamari.gov.bd,sirajganjsadar.sirajganj.gov.bd,www.sirajganj.gov.bd,www.rajshahidiv.gov.bd,verified,verified,verified,verified
BGD.5.8.7.8_1,Rajshahi,Sirajganj,SirajganjSadar,Ratankandi,রাজশাহী,সিরাজগঞ্জ,সিরাজগঞ্জ সদর,রতনকান্দি,Ratankandi,exact,,1.0,1.0,1.0,ratankandiup.sirajganj.gov.bd,sirajganjsadar.sirajganj.gov.bd,www.sirajganj.gov.bd,www.rajshahidiv.gov.bd,verified,verified,verified,verified
BGD.6.2.6.10_1,Rangpur,Gaibandha,Saghatta,Sughatta,রংপুর,গাইবান্ধা,সাঘাটা,সাঘাটা,Saghata,exact,,1.0,1.0,1.0,saghataup.gaibandha.gov.bd,saghata.gaibandha.gov.bd,www.gaibandha.gov.bd,www.rangpurdiv.gov.bd,verified,verified,verified,verified
BGD.6.2.6.4_1,Rangpur,Gaibandha,Saghatta,Haldia,রংপুর,গাইবান্ধা,সাঘাটা,হলদিয়া,Holdia,exact,,1.0,1.0,1.0,holdiaup.gaibandha.gov.bd,saghata.gaibandha.gov.bd,www.gaibandha.gov.bd,www.rangpurdiv.gov.bd,verified,verified,verified,verified
BGD.6.2.6.3_1,Rangpur,Gaibandha,Saghatta,Ghuridaha,রংপুর,গাইবান্ধা,সাঘাটা,ঘুরিদহ,Ghuridah,exact,,1.0,1.0,1.0,ghuridahup.gaibandha.gov.bd,saghata.gaibandha.gov.bd,www.gaibandha.gov.bd,www.rangpurdiv.gov.bd,verified,verified,verified,verified
BGD.6.2.6.2_1,Rangpur,Gaibandha,Saghatta,BonarPara,রংপুর,গাইবান্ধা,সাঘাটা,বোনারপাড়া,Bonarpara,exact,,1.0,1.0,1.0,bonarparaup.gaibandha.gov.bd,saghata.gaibandha.gov.bd,www.gaibandha.gov.bd,www.rangpurdiv.gov.bd,verified,verified,verified,verified
BGD.6.2.6.9_1,Rangpur,Gaibandha,Saghatta,Padumsahar,রংপুর,গাইবান্ধা,সাঘাটা,পদুমশহর,Padumsahar,exact,,1.0,1.0,1.0,padumsaharup.gaibandha.gov.bd,saghata.gaibandha.gov.bd,www.gaibandha.gov.bd,www.rangpurdiv.gov.bd,verified,verified,verified,verified
BGD.6.2.6.6_1,Rangpur,Gaibandha,Saghatta,Kachua,রংপুর,গাইবান্ধা,সাঘাটা,কচুয়া,Kachua,exact,,1.0,1.0,1.0,kachuaup.gaibandha.gov.bd,saghata.gaibandha.gov.bd,www.gaibandha.gov.bd,www.rangpurdiv.gov.bd,verified,verified,verified,verified
BGD.6.2.6.8_1,Rangpur,Gaibandha,Saghatta,Muktanagar,রংপুর,গাইবান্ধা,সাঘাটা,মুক্তিনগর,Muktinagar,exact,,1.0,1.0,1.0,muktinagarup.gaibandha.gov.bd,saghata.gaibandha.gov.bd,www.gaibandha.gov.bd,www.rangpurdiv.gov.bd,verified,verified,verified,verified
BGD.6.2.6.1_1,Rangpur,Gaibandha,Saghatta,Bhartkhali,রংপুর,গাইবান্ধা,সাঘাটা,ভরতখালী,Varotkhali,exact,,1.0,1.0,1.0,varotkhaliup.gaibandha.gov.bd,saghata.gaibandha.gov.bd,www.gaibandha.gov.bd,www.rangpurdiv.gov.bd,verified,verified,verified,verified
BGD.6.2.6.5_1,Rangpur,Gaibandha,Saghatta,Jummerbari,রংপুর,গাইবান্ধা,সাঘাটা,জুমারবাড়ী,Jumarbari,exact,,1.0,1.0,1.0,jumarbariup.gaibandha.gov.bd,saghata.gaibandha.gov.bd,www.gaibandha.gov.bd,www.rangpurdiv.gov.bd,verified,verified,verified,verified
BGD.5.8.8.8_1,Rajshahi,Sirajganj,Tarash,Tarash,রাজশাহী,সিরাজগঞ্জ,তাড়াশ,তাড়াশ সদর,Tarash Sadar,fuzzy,,0.75,0.179,0.75,tarashsadarup.sirajganj.gov.bd,tarash.sirajganj.gov.bd,www.sirajganj.gov.bd,www.rajshahidiv.gov.bd,verified,verified,verified,verified
BGD.5.8.8.1_1,Rajshahi,Sirajganj,Tarash,Baruhas,রাজশাহী,সিরাজগঞ্জ,তাড়াশ,বারুহাস,Baruhas,exact,,1.0,1.0,1.0,baruhasup.sirajganj.gov.bd,tarash.sirajganj.gov.bd,www.sirajganj.gov.bd,www.rajshahidiv.gov.bd,verified,verified,verified,verified
BGD.5.8.8.7_1,Rajshahi,Sirajganj,Tarash,Talam,রাজশাহী,সিরাজগঞ্জ,তাড়াশ,তালম,Talam,exact,,1.0,1.0,1.0,talamup.sirajganj.gov.bd,tarash.sirajganj.gov.bd,www.sirajganj.gov.bd,www.rajshahidiv.gov.bd,verified,verified,verified,verified
BGD.5.8.8.2_1,Rajshahi,Sirajganj,Tarash,Deshigram,রাজশাহী,সিরাজগঞ্জ,তাড়াশ,দেশীগ্রাম,Deshigram,exact,,1.0,1.0,1.0,deshigramup.sirajganj.gov.bd,tarash.sirajganj.gov.bd,www.sirajganj.gov.bd,www.rajshahidiv.gov.bd,verified,verified,verified,verified
BGD.5.8.8.3_1,Rajshahi,Sirajganj,Tarash,Madhainagar,রাজশাহী,সিরাজগঞ্জ,তাড়াশ,মাধাইনগর,Madhainagar,exact,,1.0,1.0,1.0,madhainagarup.sirajganj.gov.bd,tarash.sirajganj.gov.bd,www.sirajganj.gov.bd,www.rajshahidiv.gov.bd,verified,verified,verified,verified
BGD.5.8.8.6_1,Rajshahi,Sirajganj,Tarash,Saguna,রাজশাহী,সিরাজগঞ্জ,তাড়াশ,সগুনা,Soguna,exact,,1.0,1.0,1.0,sogunaup.sirajganj.gov.bd,tarash.sirajganj.gov.bd,www.sirajganj.gov.bd,www.rajshahidiv.gov.bd,verified,verified,verified,verified
BGD.6.4.4.1_1,Rangpur,Lalmonirhat,LalmonirhatSadar,Barabari,রংপুর,লালমনিরহাট,লালমনিরহাট সদর,বড়বাড়ী,Barobari,exact,,1.0,1.0,1.0,barobariup.lalmonirhat.gov.bd,sadar.lalmonirhat.gov.bd,www.lalmonirhat.gov.bd,www.rangpurdiv.gov.bd,verified,verified,verified,verified
BGD.6.4.4.10_1,Rangpur,Lalmonirhat,LalmonirhatSadar,Rajpur,রংপুর,লালমনিরহাট,লালমনিরহাট সদর,রাজপুর,Rajpur,exact,,1.0,1.0,1.0,rajpurup.lalmonirhat.gov.bd,sadar.lalmonirhat.gov.bd,www.lalmonirhat.gov.bd,www.rangpurdiv.gov.bd,verified,verified,verified,verified
BGD.6.4.4.7_1,Rangpur,Lalmonirhat,LalmonirhatSadar,Mogalhat,রংপুর,লালমনিরহাট,লালমনিরহাট সদর,মোগলহাট,Mogolhat,exact,,1.0,1.0,1.0,mogolhatup.lalmonirhat.gov.bd,sadar.lalmonirhat.gov.bd,www.lalmonirhat.gov.bd,www.rangpurdiv.gov.bd,verified,verified,verified,verified
BGD.6.4.4.9_1,Rangpur,Lalmonirhat,LalmonirhatSadar,Paurashava,রংপুর,লালমনিরহাট,লালমনিরহাট সদর,পৌরসভা,,paurashava,,0.0,0.0,0.0,,sadar.lalmonirhat.gov.bd,www.lalmonirhat.gov.bd,www.rangpurdiv.gov.bd,composed,verified,verified,verified
BGD.6.4.4.2_1,Rangpur,Lalmonirhat,LalmonirhatSadar,Gokunda,রংপুর,লালমনিরহাট,লালমনিরহাট সদর,গোকুন্ডা,Gokunda,exact,,1.0,1.0,1.0,gokundaup.lalmonirhat.gov.bd,sadar.lalmonirhat.gov.bd,www.lalmonirhat.gov.bd,www.rangpurdiv.gov.bd,verified,verified,verified,verified
BGD.6.4.4.4_1,Rangpur,Lalmonirhat,LalmonirhatSadar,Khuniagachh,রংপুর,লালমনিরহাট,লালমনিরহাট সদর,খুনিয়াগাছ,Khuniagachh,exact,,1.0,1.0,1.0,khuniagachhup.lalmonirhat.gov.bd,sadar.lalmonirhat.gov.bd,www.lalmonirhat.gov.bd,www.rangpurdiv.gov.bd,verified,verified,verified,verified
BGD.6.4.4.5_1,Rangpur,Lalmonirhat,LalmonirhatSadar,Kulaghat,রংপুর,লালমনিরহাট,লালমনিরহাট সদর,কুলাঘাট,Kulaghat,exact,,1.0,1.0,1.0,kulaghatup.lalmonirhat.gov.bd,sadar.lalmonirhat.gov.bd,www.lalmonirhat.gov.bd,www.rangpurdiv.gov.bd,verified,verified,verified,verified
BGD.6.4.4.6_1,Rangpur,Lalmonirhat,LalmonirhatSadar,Mahendranagar,রংপুর,লালমনিরহাট,লালমনিরহাট সদর,মহেন্দ্রনগর,Mohendranagar,exact,,1.0,1.0,1.0,mohendranagarup.lalmonirhat.gov.bd,sadar.lalmonirhat.gov.bd,www.lalmonirhat.gov.bd,www.rangpurdiv.gov.bd,verified,verified,verified,verified
BGD.6.4.4.3_1,Rangpur,Lalmonirhat,LalmonirhatSadar,Harati,রংপুর,লালমনিরহাট,লালমনিরহাট সদর,হারাটি,Harati,exact,,1.0,1.0,1.0,haratiup.lalmonirhat.gov.bd,sadar.lalmonirhat.gov.bd,www.lalmonirhat.gov.bd,www.rangpurdiv.gov.bd,verified,verified,verified,verified
BGD.6.4.4.8_1,Rangpur,Lalmonirhat,LalmonirhatSadar,Panchagram,রংপুর,লালমনিরহাট,লালমনিরহাট সদর,পঞ্চগ্রাম,Panchagram,exact,,1.0,1.0,1.0,panchagramup.lalmonirhat.gov.bd,sadar.lalmonirhat.gov.bd,www.lalmonirhat.gov.bd,www.rangpurdiv.gov.bd,verified,verified,verified,verified
BGD.6.2.7.9_1,Rangpur,Gaibandha,Sundarganj,Kapasia,রংপুর,গাইবান্ধা,সুন্দরগঞ্জ,কাপাসিয়া,Kapasia,exact,,1.0,1.0,1.0,kapasiaup.gaibandha.gov.bd,sundarganj.gaibandha.gov.bd,www.gaibandha.gov.bd,www.rangpurdiv.gov.bd,verified,verified,verified,verified
BGD.6.2.7.7_1,Rangpur,Gaibandha,Sundarganj,Haripur,রংপুর,গাইবান্ধা,সুন্দরগঞ্জ,হরিপুর,Haripur,exact,,1.0,1.0,1.0,haripurup.gaibandha.gov.bd,sundarganj.gaibandha.gov.bd,www.gaibandha.gov.bd,www.rangpurdiv.gov.bd,verified,verified,verified,verified
BGD.6.2.7.14_1,Rangpur,Gaibandha,Sundarganj,Sreepur,রংপুর,গাইবান্ধা,সুন্দরগঞ্জ,শ্রীপুর,Sreepur,exact,,1.0,1.0,1.0,sreepurup.gaibandha.gov.bd,sundarganj.gaibandha.gov.bd,www.gaibandha.gov.bd,www.rangpurdiv.gov.bd,verified,verified,verified,verified
BGD.6.2.7.13_1,Rangpur,Gaibandha,Sundarganj,Sonaroy,রংপুর,গাইবান্ধা,সুন্দরগঞ্জ,সোনারায়,Sonaroy,exact,,1.0,1.0,1.0,sonaroyup.gaibandha.gov.bd,sundarganj.gaibandha.gov.bd,www.gaibandha.gov.bd,www.rangpurdiv.gov.bd,verified,verified,verified,verified
BGD.6.2.7.3_1,Rangpur,Gaibandha,Sundarganj,Chandipur,রংপুর,গাইবান্ধা,সুন্দরগঞ্জ,চন্ডিপুর,Chandipur,exact,,1.0,1.0,1.0,chandipurup.gaibandha.gov.bd,sundarganj.gaibandha.gov.bd,www.gaibandha.gov.bd,www.rangpurdiv.gov.bd,verified,verified,verified,verified
BGD.6.2.7.11_1,Rangpur,Gaibandha,Sundarganj,Sarbananda,রংপুর,গাইবান্ধা,সুন্দরগঞ্জ,সর্বানন্দ,Sorbanondo,exact,,1.0,1.0,0.889,sorbanondoup.gaibandha.gov.bd,sundarganj.gaibandha.gov.bd,www.gaibandha.gov.bd,www.rangpurdiv.gov.bd,verified,verified,verified,verified
BGD.6.2.7.16_1,Rangpur,Gaibandha,Sundarganj,Tarapur,রংপুর,গাইবান্ধা,সুন্দরগঞ্জ,তারাপুর,Tarapur,exact,,1.0,1.0,1.0,tarapurup.gaibandha.gov.bd,sundarganj.gaibandha.gov.bd,www.gaibandha.gov.bd,www.rangpurdiv.gov.bd,verified,verified,verified,verified
BGD.6.2.7.1_1,Rangpur,Gaibandha,Sundarganj,Bamandanga,রংপুর,গাইবান্ধা,সুন্দরগঞ্জ,বামনডাঙ্গা,Bamondanga,exact,,1.0,1.0,1.0,bamondangaup.gaibandha.gov.bd,sundarganj.gaibandha.gov.bd,www.gaibandha.gov.bd,www.rangpurdiv.gov.bd,verified,verified,verified,verified
BGD.5.1.8.7_1,Rajshahi,Bogra,Sariakandi,Kamalpur,রাজশাহী,বগুড়া,সারিয়াকান্দি,কামালপুর,Kamalpur,exact,,1.0,1.0,1.0,kamalpur.bogra.gov.bd,shariakandi.bogra.gov.bd,www.bogra.gov.bd,www.rajshahidiv.gov.bd,verified,verified,verified,verified
BGD.5.1.8.4_1,Rajshahi,Bogra,Sariakandi,ChandanBaisha,রাজশাহী,বগুড়া,সারিয়াকান্দি,চন্দনবাইশা,Chandanbaisha,exact,,1.0,1.0,1.0,chandanbaishaup.bogra.gov.bd,shariakandi.bogra.gov.bd,www.bogra.gov.bd,www.rajshahidiv.gov.bd,verified,verified,verified,verified
BGD.5.1.8.3_1,Rajshahi,Bogra,Sariakandi,Chaluabari,রাজশাহী,বগুড়া,সারিয়াকান্দি,চালুয়াবাড়ী,Chaluabari,exact,,1.0,1.0,1.0,chaluabariup.bogra.gov.bd,shariakandi.bogra.gov.bd,www.bogra.gov.bd,www.rajshahidiv.gov.bd,verified,verified,verified,verified
BGD.5.1.8.9_1,Rajshahi,Bogra,Sariakandi,Kazla,রাজশাহী,বগুড়া,সারিয়াকান্দি,কাজলা,Kazla,exact,,1.0,1.0,1.0,kazlaup.bogra.gov.bd,shariakandi.bogra.gov.bd,www.bogra.gov.bd,www.rajshahidiv.gov.bd,verified,verified,verified,verified
BGD.5.1.8.8_1,Rajshahi,Bogra,Sariakandi,Karnibari,রাজশাহী,বগুড়া,সারিয়াকান্দি,কর্ণিবাড়ী,Karnibari,exact,,1.0,1.0,1.0,karnibariup.bogra.gov.bd,shariakandi.bogra.gov.bd,www.bogra.gov.bd,www.rajshahidiv.gov.bd,verified,verified,verified,verified
BGD.5.1.8.2_1,Rajshahi,Bogra,Sariakandi,Bohail,রাজশাহী,বগুড়া,সারিয়াকান্দি,বোহাইল,Bohail,exact,,1.0,1.0,1.0,bohailup.bogra.gov.bd,shariakandi.bogra.gov.bd,www.bogra.gov.bd,www.rajshahidiv.gov.bd,verified,verified,verified,verified
BGD.5.1.8.6_1,Rajshahi,Bogra,Sariakandi,HatSherpur,রাজশাহী,বগুড়া,সারিয়াকান্দি,হাটশেরপুর,Hatsherpur,exact,,1.0,1.0,1.0,hatsherpurup.bogra.gov.bd,shariakandi.bogra.gov.bd,www.bogra.gov.bd,www.rajshahidiv.gov.bd,verified,verified,verified,verified
BGD.5.1.8.12_1,Rajshahi,Bogra,Sariakandi,Sariakandi,রাজশাহী,বগুড়া,সারিয়াকান্দি,সারিয়াকান্দি সদর,Sariakandi Sadar,sadar,,1.0,1.0,0.769,sariakandisadarup.bogra.gov.bd,shariakandi.bogra.gov.bd,www.bogra.gov.bd,www.rajshahidiv.gov.bd,verified,verified,verified,verified
BGD.5.1.8.10_1,Rajshahi,Bogra,Sariakandi,Kutubpur,রাজশাহী,বগুড়া,সারিয়াকান্দি,কুতুবপুর,Kutubpur,exact,,1.0,1.0,1.0,kutubpurup.bogra.gov.bd,shariakandi.bogra.gov.bd,www.bogra.gov.bd,www.rajshahidiv.gov.bd,verified,verified,verified,verified
BGD.5.1.8.13_1,Rajshahi,Bogra,Sariakandi,SariakandiPaurashava,রাজশাহী,বগুড়া,সারিয়াকান্দি,সারিয়াকান্দি পৌরসভা,,paurashava,upazila,0.0,0.0,0.0,,shariakandi.bogra.gov.bd,www.bogra.gov.bd,www.rajshahidiv.gov.bd,composed,verified,verified,verified
BGD.5.1.8.11_1,Rajshahi,Bogra,Sariakandi,Narchi,রাজশাহী,বগুড়া,সারিয়াকান্দি,নারচী,Narchi,exact,,1.0,1.0,1.0,narchiup.bogra.gov.bd,shariakandi.bogra.gov.bd,www.bogra.gov.bd,www.rajshahidiv.gov.bd,verified,verified,verified,verified
BGD.5.1.8.1_1,Rajshahi,Bogra,Sariakandi,Bhelabari,রাজশাহী,বগুড়া,সারিয়াকান্দি,ভেলাবাড়ী,Bhelabari,exact,,1.0,1.0,1.0,bhelabari.bogra.gov.bd,shariakandi.bogra.gov.bd,www.bogra.gov.bd,www.rajshahidiv.gov.bd,verified,verified,verified,verified
BGD.5.1.8.5_1,Rajshahi,Bogra,Sariakandi,Fulbari,রাজশাহী,বগুড়া,সারিয়াকান্দি,,,rejected,,0.8,0.05,0.8,,shariakandi.bogra.gov.bd,www.bogra.gov.bd,www.rajshahidiv.gov.bd,none,verified,verified,verified
BGD.6.3.6.1_1,Rangpur,Kurigram,Phulbari,BaraBhita,রংপুর,কুড়িগ্রাম,ফুলবাড়ী,বড়ভিটা,Baravita,exact,,1.0,1.0,1.0,baravitaup.kurigram.gov.bd,phulbari.kurigram.gov.bd,www.kurigram.gov.bd,www.rangpurdiv.gov.bd,verified,verified,verified,verified
BGD.6.3.6.6_1,Rangpur,Kurigram,Phulbari,Shimulbari,রংপুর,কুড়িগ্রাম,ফুলবাড়ী,শিমুলবাড়ী,Shimulbari,exact,,1.0,1.0,1.0,shimulbariup.kurigram.gov.bd,phulbari.kurigram.gov.bd,www.kurigram.gov.bd,www.rangpurdiv.gov.bd,verified,verified,verified,verified
BGD.6.3.6.4_1,Rangpur,Kurigram,Phulbari,Naodanga,রংপুর,কুড়িগ্রাম,ফুলবাড়ী,নাওডাঙ্গা,Nawdanga,exact,,1.0,1.0,1.0,nawdangaup.kurigram.gov.bd,phulbari.kurigram.gov.bd,www.kurigram.gov.bd,www.rangpurdiv.gov.bd,verified,verified,verified,verified
BGD.6.3.6.2_1,Rangpur,Kurigram,Phulbari,Bhangamon,রংপুর,কুড়িগ্রাম,ফুলবাড়ী,ভাঙ্গামোড়,Bhangamor,fuzzy,,0.8,0.356,0.8,bhangamorup.kurigram.gov.bd,phulbari.kurigram.gov.bd,www.kurigram.gov.bd,www.rangpurdiv.gov.bd,verified,verified,verified,verified
BGD.6.3.6.5_1,Rangpur,Kurigram,Phulbari,Phulbari,রংপুর,কুড়িগ্রাম,ফুলবাড়ী,ফুলবাড়ী,Phulbari,exact,,1.0,1.0,1.0,phulbariup.kurigram.gov.bd,phulbari.kurigram.gov.bd,www.kurigram.gov.bd,www.rangpurdiv.gov.bd,verified,verified,verified,verified
BGD.6.7.5.2_1,Rangpur,Rangpur,Pirgachha,Chhaola,রংপুর,রংপুর,পীরগাছা,ছাওলা,Saula,exact-bengali,,1.0,1.0,1.0,saulaup.rangpur.gov.bd,pirgacha.rangpur.gov.bd,www.rangpur.gov.bd,www.rangpurdiv.gov.bd,verified,verified,verified,verified
BGD.6.7.5.8_1,Rangpur,Rangpur,Pirgachha,Pirgachha,রংপুর,রংপুর,পীরগাছা,পীরগাছা,Pirgacha,exact,,1.0,1.0,1.0,pirgachaup.rangpur.gov.bd,pirgacha.rangpur.gov.bd,www.rangpur.gov.bd,www.rangpurdiv.gov.bd,verified,verified,verified,verified
BGD.6.7.5.6_1,Rangpur,Rangpur,Pirgachha,Kandi,রংপুর,রংপুর,পীরগাছা,কান্দি,Kandi,exact,,1.0,1.0,1.0,kandiup.rangpur.gov.bd,pirgacha.rangpur.gov.bd,www.rangpur.gov.bd,www.rangpurdiv.gov.bd,verified,verified,verified,verified
BGD.6.7.5.4_1,Rangpur,Rangpur,Pirgachha,Kaikuri,রংপুর,রংপুর,পীরগাছা,কৈকুড়ী,Koikuri,exact,,1.0,1.0,1.0,koikuriup.rangpur.gov.bd,pirgacha.rangpur.gov.bd,www.rangpur.gov.bd,www.rangpurdiv.gov.bd,verified,verified,verified,verified
BGD.6.7.5.9_1,Rangpur,Rangpur,Pirgachha,Tambulpur,রংপুর,রংপুর,পীরগাছা,তাম্বুলপুর,Tambulpur,exact,,1.0,1.0,0.909,tambulpurup.rangpur.gov.bd,pirgacha.rangpur.gov.bd,www.rangpur.gov.bd,www.rangpurdiv.gov.bd,verified,verified,verified,verified
BGD.6.7.5.1_1,Rangpur,Rangpur,Pirgachha,Annadanagar,রংপুর,রংপুর,পীরগাছা,অন্নদানগর,Annodanagar,exact,,1.0,1.0,1.0,annodanagarup.rangpur.gov.bd,pirgacha.rangpur.gov.bd,www.rangpur.gov.bd,www.rangpurdiv.gov.bd,verified,verified,verified,verified
BGD.6.7.5.3_1,Rangpur,Rangpur,Pirgachha,Itakumari,রংপুর,রংপুর,পীরগাছা,ইটাকুমারী,Itakumari,exact,,1.0,1.0,1.0,itakumariup.rangpur.gov.bd,pirgacha.rangpur.gov.bd,www.rangpur.gov.bd,www.rangpurdiv.gov.bd,verified,verified,verified,verified
BGD.8.5.5.3_1,Mymensingh,Jamalpur,Madarganj,CharPakerdaha,ময়মনসিংহ,জামালপুর,মাদারগঞ্জ,চর পাকেরদহ,Char Pakerdah,exact,,1.0,1.0,1.0,charpakerdahup.jamalpur.gov.bd,madarganj.jamalpur.gov.bd,www.jamalpur.gov.bd,www.mymensinghdiv.gov.bd,verified,verified,verified,verified
BGD.8.5.5.1_1,Mymensingh,Jamalpur,Madarganj,Adarbhita,ময়মনসিংহ,জামালপুর,মাদারগঞ্জ,আদারভিটা,Adarvita,exact,,1.0,1.0,1.0,adarvitaup.jamalpur.gov.bd,madarganj.jamalpur.gov.bd,www.jamalpur.gov.bd,www.mymensinghdiv.gov.bd,verified,verified,verified,verified
BGD.8.5.5.5_1,Mymensingh,Jamalpur,Madarganj,Jorekhali,ময়মনসিংহ,জামালপুর,মাদারগঞ্জ,জোড়খালী,Jorekhali,exact,,1.0,1.0,1.0,jorekhaliup.jamalpur.gov.bd,madarganj.jamalpur.gov.bd,www.jamalpur.gov.bd,www.mymensinghdiv.gov.bd,verified,verified,verified,verified
BGD.8.5.5.4_1,Mymensingh,Jamalpur,Madarganj,Gunaritala,ময়মনসিংহ,জামালপুর,মাদারগঞ্জ,গুনারীতলা,Gunaritala,exact,,1.0,1.0,1.0,gunaritalaup.jamalpur.gov.bd,madarganj.jamalpur.gov.bd,www.jamalpur.gov.bd,www.mymensinghdiv.gov.bd,verified,verified,verified,verified
BGD.8.5.5.8_1,Mymensingh,Jamalpur,Madarganj,Sidhuli,ময়মনসিংহ,জামালপুর,মাদারগঞ্জ,সিধুলী,Sidhuli,exact,,1.0,1.0,1.0,sidhuliup.jamalpur.gov.bd,madarganj.jamalpur.gov.bd,www.jamalpur.gov.bd,www.mymensinghdiv.gov.bd,verified,verified,verified,verified
BGD.8.5.5.6_1,Mymensingh,Jamalpur,Madarganj,Karaichara,ময়মনসিংহ,জামালপুর,মাদারগঞ্জ,কড়ইচড়া,Karaichara,exact,,1.0,1.0,1.0,karaicharaup.jamalpur.gov.bd,madarganj.jamalpur.gov.bd,www.jamalpur.gov.bd,www.mymensinghdiv.gov.bd,verified,verified,verified,verified
BGD.8.5.2.5_1,Mymensingh,Jamalpur,Dewanganj,Dangdhara,ময়মনসিংহ,জামালপুর,দেওয়ানগঞ্জ,ডাংধরা,Dungdhara,exact,,1.0,1.0,1.0,dungdharaup.jamalpur.gov.bd,dewangonj.jamalpur.gov.bd,www.jamalpur.gov.bd,www.mymensinghdiv.gov.bd,verified,verified,verified,verified
BGD.8.5.2.2_1,Mymensingh,Jamalpur,Dewanganj,CharAomkhaoa,ময়মনসিংহ,জামালপুর,দেওয়ানগঞ্জ,চর আমখাওয়া,Char Amkhawa,exact,,1.0,1.0,1.0,charamkhawaup.jamalpur.gov.bd,dewangonj.jamalpur.gov.bd,www.jamalpur.gov.bd,www.mymensinghdiv.gov.bd,verified,verified,verified,verified
BGD.8.5.2.3_1,Mymensingh,Jamalpur,Dewanganj,Chikajani,ময়মনসিংহ,জামালপুর,দেওয়ানগঞ্জ,চিকাজানী,Chikajani,exact,,1.0,1.0,1.0,chikajaniup.jamalpur.gov.bd,dewangonj.jamalpur.gov.bd,www.jamalpur.gov.bd,www.mymensinghdiv.gov.bd,verified,verified,verified,verified
BGD.8.5.2.4_1,Mymensingh,Jamalpur,Dewanganj,Chukaibari,ময়মনসিংহ,জামালপুর,দেওয়ানগঞ্জ,চুকাইবাড়ী,Chukaibari,exact,,1.0,1.0,1.0,chukaibariup.jamalpur.gov.bd,dewangonj.jamalpur.gov.bd,www.jamalpur.gov.bd,www.mymensinghdiv.gov.bd,verified,verified,verified,verified
BGD.8.5.2.1_1,Mymensingh,Jamalpur,Dewanganj,Bahadurabad,ময়মনসিংহ,জামালপুর,দেওয়ানগঞ্জ,বাহাদুরাবাদ,Bahadurabad,exact,,1.0,1.0,1.0,bahadurabadup.jamalpur.gov.bd,dewangonj.jamalpur.gov.bd,www.jamalpur.gov.bd,www.mymensinghdiv.gov.bd,verified,verified,verified,verified
BGD.8.5.2.8_1,Mymensingh,Jamalpur,Dewanganj,Hatebhanga,ময়মনসিংহ,জামালপুর,দেওয়ানগঞ্জ,হাতীভাঙ্গা,Hatibanga,exact,,1.0,1.0,1.0,hatibangaup.jamalpur.gov.bd,dewangonj.jamalpur.gov.bd,www.jamalpur.gov.bd,www.mymensinghdiv.gov.bd,verified,verified,verified,verified
BGD.8.5.2.9_1,Mymensingh,Jamalpur,Dewanganj,ParRamrampur,ময়মনসিংহ,জামালপুর,দেওয়ানগঞ্জ,পাররাম রামপুর,Parram Rampur,exact,,1.0,1.0,1.0,parramrampurup.jamalpur.gov.bd,dewangonj.jamalpur.gov.bd,www.jamalpur.gov.bd,www.mymensinghdiv.gov.bd,verified,verified,verified,verified
BGD.8.5.3.10_1,Mymensingh,Jamalpur,Islampur,Noarpara,ময়মনসিংহ,জামালপুর,ইসলামপুর,নোয়ারপাড়া,Noarpara,exact,,1.0,1.0,1.0,noarparaup.jamalpur.gov.bd,islampur.jamalpur.gov.bd,www.jamalpur.gov.bd,www.mymensinghdiv.gov.bd,verified,verified,verified,verified
BGD.8.5.3.9_1,Mymensingh,Jamalpur,Islampur,Kulkandi,ময়মনসিংহ,জামালপুর,ইসলামপুর,কুলকান্দি,Kulkandi,exact,,1.0,1.0,1.0,kulkandiup.jamalpur.gov.bd,islampur.jamalpur.gov.bd,www.jamalpur.gov.bd,www.mymensinghdiv.gov.bd,verified,verified,verified,verified
BGD.8.5.3.12_1,Mymensingh,Jamalpur,Islampur,Patharsi,ময়মনসিংহ,জামালপুর,ইসলামপুর,পাথশী,Partharshi,fuzzy,,0.889,0.289,0.857,partharshiup.jamalpur.gov.bd,islampur.jamalpur.gov.bd,www.jamalpur.gov.bd,www.mymensinghdiv.gov.bd,verified,verified,verified,verified
BGD.8.5.3.1_1,Mymensingh,Jamalpur,Islampur,Belgachha,ময়মনসিংহ,জামালপুর,ইসলামপুর,বেলগাছা,Belghacha,exact,,1.0,1.0,1.0,belghachaup.jamalpur.gov.bd,islampur.jamalpur.gov.bd,www.jamalpur.gov.bd,www.mymensinghdiv.gov.bd,verified,verified,verified,verified
BGD.8.5.3.4_1,Mymensingh,Jamalpur,Islampur,Chinadulli,ময়মনসিংহ,জামালপুর,ইসলামপুর,চিনাডুলী,Chinaduli,exact,,1.0,1.0,1.0,chinaduliup.jamalpur.gov.bd,islampur.jamalpur.gov.bd,www.jamalpur.gov.bd,www.mymensinghdiv.gov.bd,verified,verified,verified,verified
BGD.8.5.3.13_1,Mymensingh,Jamalpur,Islampur,Sapdhari,ময়মনসিংহ,জামালপুর,ইসলামপুর,সাপধরী,Shapdari,exact,,1.0,1.0,1.0,shapdariup.jamalpur.gov.bd,islampur.jamalpur.gov.bd,www.jamalpur.gov.bd,www.mymensinghdiv.gov.bd,verified,verified,verified,verified
BGD.8.5.3.11_1,Mymensingh,Jamalpur,Islampur,Palbandha,ময়মনসিংহ,জামালপুর,ইসলামপুর,পলবান্ধা,Palabandha,exact,,1.0,1.0,1.0,palabandhaup.jamalpur.gov.bd,islampur.jamalpur.gov.bd,www.jamalpur.gov.bd,www.mymensinghdiv.gov.bd,verified,verified,verified,verified
BGD.8.5.3.7_1,Mymensingh,Jamalpur,Islampur,Islampur,ময়মনসিংহ,জামালপুর,ইসলামপুর,ইসলামপুর,Islampur,exact,,1.0,1.0,1.0,islampurup.jamalpur.gov.bd,islampur.jamalpur.gov.bd,www.jamalpur.gov.bd,www.mymensinghdiv.gov.bd,verified,verified,verified,verified
BGD.8.5.3.3_1,Mymensingh,Jamalpur,Islampur,CharPutimari,ময়মনসিংহ,জামালপুর,ইসলামপুর,চরপুটিমারী,Charputimari,exact,,1.0,1.0,1.0,charputimariup.jamalpur.gov.bd,islampur.jamalpur.gov.bd,www.jamalpur.gov.bd,www.mymensinghdiv.gov.bd,verified,verified,verified,verified
BGD.8.5.3.2_1,Mymensingh,Jamalpur,Islampur,CharGoalini,ময়মনসিংহ,জামালপুর,ইসলামপুর,চরগোয়ালিনী,Chargualini,exact,,1.0,1.0,1.0,chargualiniup.jamalpur.gov.bd,islampur.jamalpur.gov.bd,www.jamalpur.gov.bd,www.mymensinghdiv.gov.bd,portal,verified,verified,verified
BGD.8.5.3.8_1,Mymensingh,Jamalpur,Islampur,IslampurPaurashava,ময়মনসিংহ,জামালপুর,ইসলামপুর,ইসলামপুর পৌরসভা,,paurashava,upazila,0.0,0.0,0.0,,islampur.jamalpur.gov.bd,www.jamalpur.gov.bd,www.mymensinghdiv.gov.bd,composed,verified,verified,verified
BGD.8.5.3.5_1,Mymensingh,Jamalpur,Islampur,Gaibandha,ময়মনসিংহ,জামালপুর,ইসলামপুর,গাইবান্ধা,Gaibandha,exact,,1.0,1.0,1.0,gaibandhaup.jamalpur.gov.bd,islampur.jamalpur.gov.bd,www.jamalpur.gov.bd,www.mymensinghdiv.gov.bd,verified,verified,verified,verified
BGD.8.5.3.6_1,Mymensingh,Jamalpur,Islampur,GoalerChar,ময়মনসিংহ,জামালপুর,ইসলামপুর,গোয়ালেরচর,Gualerchar,exact,,1.0,1.0,1.0,gualercharup.jamalpur.gov.bd,islampur.jamalpur.gov.bd,www.jamalpur.gov.bd,www.mymensinghdiv.gov.bd,verified,verified,verified,verified
BGD.8.5.4.8_1,Mymensingh,Jamalpur,JamalpurSadar,Meshta,ময়মনসিংহ,জামালপুর,জামালপুর সদর,মেষ্টা,Mesta,exact,,1.0,1.0,1.0,mestaup.jamalpur.gov.bd,jamalpursadar.jamalpur.gov.bd,www.jamalpur.gov.bd,www.mymensinghdiv.gov.bd,verified,verified,verified,verified
BGD.8.5.4.15_1,Mymensingh,Jamalpur,JamalpurSadar,Titpalla,ময়মনসিংহ,জামালপুর,জামালপুর সদর,তিতপল্লা,Titpalla,exact,,1.0,1.0,1.0,titpallaup.jamalpur.gov.bd,jamalpursadar.jamalpur.gov.bd,www.jamalpur.gov.bd,www.mymensinghdiv.gov.bd,verified,verified,verified,verified
BGD.8.5.4.5_1,Mymensingh,Jamalpur,JamalpurSadar,JamalpurPaurashava,ময়মনসিংহ,জামালপুর,জামালপুর সদর,জামালপুর পৌরসভা,,paurashava,upazila,0.0,0.0,0.0,,jamalpursadar.jamalpur.gov.bd,www.jamalpur.gov.bd,www.mymensinghdiv.gov.bd,composed,verified,verified,verified
BGD.8.5.4.12_1,Mymensingh,Jamalpur,JamalpurSadar,Sahabajpur,ময়মনসিংহ,জামালপুর,জামালপুর সদর,শাহবাজপুর,Shahbajpur,exact,,1.0,1.0,1.0,shahbajpurup.jamalpur.gov.bd,jamalpursadar.jamalpur.gov.bd,www.jamalpur.gov.bd,www.mymensinghdiv.gov.bd,verified,verified,verified,verified
BGD.8.5.4.2_1,Mymensingh,Jamalpur,JamalpurSadar,Digpaith,ময়মনসিংহ,জামালপুর,জামালপুর সদর,দিগপাইত,Digpait,exact,,1.0,1.0,1.0,digpaitup.jamalpur.gov.bd,jamalpursadar.jamalpur.gov.bd,www.jamalpur.gov.bd,www.mymensinghdiv.gov.bd,verified,verified,verified,verified
BGD.8.5.4.6_1,Mymensingh,Jamalpur,JamalpurSadar,Kendua,ময়মনসিংহ,জামালপুর,জামালপুর সদর,কেন্দুয়া,Kendua,exact,,1.0,1.0,1.0,kenduaup.jamalpur.gov.bd,jamalpursadar.jamalpur.gov.bd,www.jamalpur.gov.bd,www.mymensinghdiv.gov.bd,verified,verified,verified,verified
BGD.6.7.4.8_1,Rangpur,Rangpur,MithaPukur,Emadpur,রংপুর,রংপুর,মিঠাপুকুর,ইমাদপুর,Imadpur,exact,,1.0,1.0,1.0,imadpurup.rangpur.gov.bd,mithapukur.rangpur.gov.bd,www.rangpur.gov.bd,www.rangpurdiv.gov.bd,verified,verified,verified,verified
BGD.6.7.4.1_1,Rangpur,Rangpur,MithaPukur,Balarhat,রংপুর,রংপুর,মিঠাপুকুর,বালারহাট,Balarhat,exact,,1.0,1.0,0.889,balarhatup.rangpur.gov.bd,mithapukur.rangpur.gov.bd,www.rangpur.gov.bd,www.rangpurdiv.gov.bd,verified,verified,verified,verified
BGD.6.7.4.5_1,Rangpur,Rangpur,MithaPukur,Bhangni,রংপুর,রংপুর,মিঠাপুকুর,ভাংনী,Vangni,exact,,1.0,1.0,1.0,vangniup.rangpur.gov.bd,mithapukur.rangpur.gov.bd,www.rangpur.gov.bd,www.rangpurdiv.gov.bd,verified,verified,verified,verified
BGD.5.1.3.3_1,Rajshahi,Bogra,Dhunat,Chikashi,রাজশাহী,বগুড়া,ধুনট,চিকাশী,Chikashi,exact,,1.0,1.0,1.0,chikashiup.bogra.gov.bd,dhunot.bogra.gov.bd,www.bogra.gov.bd,www.rajshahidiv.gov.bd,verified,verified,verified,verified
BGD.5.1.3.1_1,Rajshahi,Bogra,Dhunat,Bhandarbari,রাজশাহী,বগুড়া,ধুনট,ভান্ডারবাড়ী,Bhandarbari,exact,,1.0,1.0,1.0,bhandarbariup.bogra.gov.bd,dhunot.bogra.gov.bd,www.bogra.gov.bd,www.rajshahidiv.gov.bd,verified,verified,verified,verified
BGD.5.1.3.2_1,Rajshahi,Bogra,Dhunat,Chaukibari,রাজশাহী,বগুড়া,ধুনট,চৌকিবাড়ী,Chowkibari,exact,,1.0,1.0,1.0,chowkibariup.bogra.gov.bd,dhunot.bogra.gov.bd,www.bogra.gov.bd,www.rajshahidiv.gov.bd,verified,verified,verified,verified
BGD.5.1.3.9_1,Rajshahi,Bogra,Dhunat,KalerPara,রাজশাহী,বগুড়া,ধুনট,কালেরপাড়া,Kalerpara,exact,,1.0,1.0,1.0,kalerparaup.bogra.gov.bd,dhunot.bogra.gov.bd,www.bogra.gov.bd,www.rajshahidiv.gov.bd,verified,verified,verified,verified
BGD.5.1.3.11_1,Rajshahi,Bogra,Dhunat,Nimgachhi,রাজশাহী,বগুড়া,ধুনট,নিমগাছি,Nimgachi,exact,,1.0,1.0,1.0,nimgachiup.bogra.gov.bd,dhunot.bogra.gov.bd,www.bogra.gov.bd,www.rajshahidiv.gov.bd,verified,verified,verified,verified
BGD.5.1.3.7_1,Rajshahi,Bogra,Dhunat,Gopalnagar,রাজশাহী,বগুড়া,ধুনট,গোপালনগর,Gopalnagar,exact,,1.0,1.0,1.0,gopalnagarup.bogra.gov.bd,dhunot.bogra.gov.bd,www.bogra.gov.bd,www.rajshahidiv.gov.bd,verified,verified,verified,verified
BGD.5.1.3.5_1,Rajshahi,Bogra,Dhunat,DhunatPaurashava,রাজশাহী,বগুড়া,ধুনট,ধুনট পৌরসভা,,paurashava,upazila,0.0,0.0,0.0,,dhunot.bogra.gov.bd,www.bogra.gov.bd,www.rajshahidiv.gov.bd,composed,verified,verified,verified
BGD.5.1.5.4_1,Rajshahi,Bogra,Gabtali,Gabtali,রাজশাহী,বগুড়া,গাবতলী,গাবতলি,Gabtali,exact,,1.0,1.0,1.0,gabtaliup.bogra.gov.bd,gabtali.bogra.gov.bd,www.bogra.gov.bd,www.rajshahidiv.gov.bd,verified,verified,verified,verified
BGD.5.1.5.12_1,Rajshahi,Bogra,Gabtali,Sonarai,রাজশাহী,বগুড়া,গাবতলী,সোনারায়,Sonarai,exact,,1.0,1.0,1.0,sonaraiup.bogra.gov.bd,gabtali.bogra.gov.bd,www.bogra.gov.bd,www.rajshahidiv.gov.bd,verified,verified,verified,verified
BGD.5.1.5.10_1,Rajshahi,Bogra,Gabtali,Nepaltali,রাজশাহী,বগুড়া,গাবতলী,নেপালতলী,Nepaltali,exact,,1.0,1.0,1.0,nepaltaliup.bogra.gov.bd,gabtali.bogra.gov.bd,www.bogra.gov.bd,www.rajshahidiv.gov.bd,verified,verified,verified,verified
BGD.5.1.5.7_1,Rajshahi,Bogra,Gabtali,Mahishaban,রাজশাহী,বগুড়া,গাবতলী,মহিষাবান,Mahishaban,exact,,1.0,1.0,1.0,mahishabanup.bogra.gov.bd,gabtali.bogra.gov.bd,www.bogra.gov.bd,www.rajshahidiv.gov.bd,verified,verified,verified,verified
BGD.5.1.5.11_1,Rajshahi,Bogra,Gabtali,Rameshwarpur,রাজশাহী,বগুড়া,গাবতলী,রামেশ্বরপুর,Rameshwarpur,exact,,1.0,1.0,1.0,rameshwarpurup.bogra.gov.bd,gabtali.bogra.gov.bd,www.bogra.gov.bd,www.rajshahidiv.gov.bd,verified,verified,verified,verified
BGD.5.1.5.8_1,Rajshahi,Bogra,Gabtali,Naruamala,রাজশাহী,বগুড়া,গাবতলী,নাড়ুয়ামালা,Naruamala,exact,,1.0,1.0,1.0,naruamalaup.bogra.gov.bd,gabtali.bogra.gov.bd,www.bogra.gov.bd,www.rajshahidiv.gov.bd,verified,verified,verified,verified
BGD.5.1.5.9_1,Rajshahi,Bogra,Gabtali,Nasipur,রাজশাহী,বগুড়া,গাবতলী,নশিপুর,Nasipur,exact,,1.0,1.0,1.0,nasipurup.bogra.gov.bd,gabtali.bogra.gov.bd,www.bogra.gov.bd,www.rajshahidiv.gov.bd,verified,verified,verified,verified
BGD.5.1.5.6_1,Rajshahi,Bogra,Gabtali,Kagail,রাজশাহী,বগুড়া,গাবতলী,কাগইল,Kagail,exact,,1.0,1.0,1.0,kagailup.bogra.gov.bd,gabtali.bogra.gov.bd,www.bogra.gov.bd,www.rajshahidiv.gov.bd,verified,verified,verified,verified
BGD.5.1.5.1_1,Rajshahi,Bogra,Gabtali,BaliaDighi,রাজশাহী,বগুড়া,গাবতলী,বালিয়া দিঘী,Baliadighi,exact,,1.0,1.0,1.0,baliadighiup.bogra.gov.bd,gabtali.bogra.gov.bd,www.bogra.gov.bd,www.rajshahidiv.gov.bd,verified,verified,verified,verified
BGD.5.1.5.5_1,Rajshahi,Bogra,Gabtali,GabtaliPaurashava,রাজশাহী,বগুড়া,গাবতলী,গাবতলী পৌরসভা,,paurashava,upazila,0.0,0.0,0.0,,gabtali.bogra.gov.bd,www.bogra.gov.bd,www.rajshahidiv.gov.bd,composed,verified,verified,verified
BGD.6.7.6.10_1,Rangpur,Rangpur,Pirganj,Panchgachha,রংপুর,রংপুর,পীরগঞ্জ,পাঁচগাছী,Pachgachi,fuzzy,,0.889,0.489,0.889,pachgachiup.rangpur.gov.bd,pirgonj.rangpur.gov.bd,www.rangpur.gov.bd,www.rangpurdiv.gov.bd,verified,verified,verified,verified
BGD.3.17.2.5_1,Dhaka,Tangail,Bhuapur,Gabsara,ঢাকা,টাঙ্গাইল,ভূঞাপুর,গাবসারা,Gabshara,exact,,1.0,1.0,1.0,gabsharaup.tangail.gov.bd,bhuapur.tangail.gov.bd,www.tangail.gov.bd,www.dhakadiv.gov.bd,verified,portal,verified,verified
BGD.3.17.2.1_1,Dhaka,Tangail,Bhuapur,Arjuna,ঢাকা,টাঙ্গাইল,ভূঞাপুর,অর্জুনা,Arjuna,exact,,1.0,1.0,1.0,arjunaup.tangail.gov.bd,bhuapur.tangail.gov.bd,www.tangail.gov.bd,www.dhakadiv.gov.bd,verified,portal,verified,verified
BGD.3.17.2.7_1,Dhaka,Tangail,Bhuapur,Nikrail,ঢাকা,টাঙ্গাইল,ভূঞাপুর,নিকরাইল,Nikrail,exact,,1.0,1.0,1.0,nikrailup.tangail.gov.bd,bhuapur.tangail.gov.bd,www.tangail.gov.bd,www.dhakadiv.gov.bd,verified,portal,verified,verified
BGD.3.17.2.6_1,Dhaka,Tangail,Bhuapur,Gobindasi,ঢাকা,টাঙ্গাইল,ভূঞাপুর,গোবিন্দাসী,Gobindashi,exact,,1.0,1.0,1.0,gobindashiup.tangail.gov.bd,bhuapur.tangail.gov.bd,www.tangail.gov.bd,www.dhakadiv.gov.bd,verified,portal,verified,verified
BGD.3.17.2.4_1,Dhaka,Tangail,Bhuapur,Falda,ঢাকা,টাঙ্গাইল,ভূঞাপুর,ফলদা,Falda,exact,,1.0,1.0,1.0,faldaup.tangail.gov.bd,bhuapur.tangail.gov.bd,www.tangail.gov.bd,www.dhakadiv.gov.bd,verified,portal,verified,verified
BGD.3.17.2.3_1,Dhaka,Tangail,Bhuapur,Birhati,ঢাকা,টাঙ্গাইল,ভূঞাপুর,,,rejected,,0.571,0.238,0.571,,bhuapur.tangail.gov.bd,www.tangail.gov.bd,www.dhakadiv.gov.bd,none,portal,verified,verified
BGD.8.5.6.3_1,Mymensingh,Jamalpur,Melandaha,Durmut,ময়মনসিংহ,জামালপুর,মেলান্দহ,দুরমুট,Durmot,exact,,1.0,1.0,1.0,durmotup.jamalpur.gov.bd,melandah.jamalpur.gov.bd,www.jamalpur.gov.bd,www.mymensinghdiv.gov.bd,verified,verified,verified,verified
BGD.8.5.6.8_1,Mymensingh,Jamalpur,Melandaha,Mahmudpur,ময়মনসিংহ,জামালপুর,মেলান্দহ,মাহমুদপুর,Mahmudpur,exact,,1.0,1.0,1.0,mahmudpurup.jamalpur.gov.bd,melandah.jamalpur.gov.bd,www.jamalpur.gov.bd,www.mymensinghdiv.gov.bd,verified,verified,verified,verified
BGD.8.5.6.7_1,Mymensingh,Jamalpur,Melandaha,Kulia,ময়মনসিংহ,জামালপুর,মেলান্দহ,কুলিয়া,Kulia,exact,,1.0,1.0,1.0,kuliaup.jamalpur.gov.bd,melandah.jamalpur.gov.bd,www.jamalpur.gov.bd,www.mymensinghdiv.gov.bd,verified,verified,verified,verified
BGD.8.5.6.1_1,Mymensingh,Jamalpur,Melandaha,Adra,ময়মনসিংহ,জামালপুর,মেলান্দহ,আদ্রা,Adra,exact,,1.0,1.0,1.0,adraup.jamalpur.gov.bd,melandah.jamalpur.gov.bd,www.jamalpur.gov.bd,www.mymensinghdiv.gov.bd,verified,verified,verified,verified
BGD.8.5.6.10_1,Mymensingh,Jamalpur,Melandaha,Nangla,ময়মনসিংহ,জামালপুর,মেলান্দহ,নাংলা,Nangla,exact,,1.0,1.0,1.0,nanglaup.jamalpur.gov.bd,melandah.jamalpur.gov.bd,www.jamalpur.gov.bd,www.mymensinghdiv.gov.bd,verified,verified,verified,verified
BGD.8.5.6.9_1,Mymensingh,Jamalpur,Melandaha,MelandahaPaurashava,ময়মনসিংহ,জামালপুর,মেলান্দহ,মেলান্দহ পৌরসভা,,paurashava,upazila,0.0,0.0,0.0,,melandah.jamalpur.gov.bd,www.jamalpur.gov.bd,www.mymensinghdiv.gov.bd,composed,verified,verified,verified
BGD.8.5.6.2_1,Mymensingh,Jamalpur,Melandaha,CharBanipakuri,ময়মনসিংহ,জামালপুর,মেলান্দহ,চরবানী পাকুরিয়া,Charbani Pakuria,exact,,1.0,1.0,1.0,charbanipakuriaup.jamalpur.gov.bd,melandah.jamalpur.gov.bd,www.jamalpur.gov.bd,www.mymensinghdiv.gov.bd,verified,verified,verified,verified
BGD.8.5.6.6_1,Mymensingh,Jamalpur,Melandaha,Jhaugara,ময়মনসিংহ,জামালপুর,মেলান্দহ,ঝাউগড়া,Jhaugara,exact,,1.0,1.0,1.0,jhaugaraup.jamalpur.gov.bd,melandah.jamalpur.gov.bd,www.jamalpur.gov.bd,www.mymensinghdiv.gov.bd,verified,verified,verified,verified
BGD.8.5.6.12_1,Mymensingh,Jamalpur,Melandaha,Shaympur,ময়মনসিংহ,জামালপুর,মেলান্দহ,শ্যামপুর,Shuampur,exact,,1.0,1.0,1.0,shuampurup.jamalpur.gov.bd,melandah.jamalpur.gov.bd,www.jamalpur.gov.bd,www.mymensinghdiv.gov.bd,verified,verified,verified,verified
BGD.8.5.6.4_1,Mymensingh,Jamalpur,Melandaha,Fulkocha,ময়মনসিংহ,জামালপুর,মেলান্দহ,ফুলকোচা,Fulkucha,exact,,1.0,1.0,1.0,fulkuchaup.jamalpur.gov.bd,melandah.jamalpur.gov.bd,www.jamalpur.gov.bd,www.mymensinghdiv.gov.bd,verified,verified,verified,verified
BGD.8.5.6.11_1,Mymensingh,Jamalpur,Melandaha,Nayanagar,ময়মনসিংহ,জামালপুর,মেলান্দহ,নয়ানগর,Nayanagar,exact,,1.0,1.0,1.0,nayanagarup.jamalpur.gov.bd,melandah.jamalpur.gov.bd,www.jamalpur.gov.bd,www.mymensinghdiv.gov.bd,verified,verified,verified,verified
BGD.8.5.6.5_1,Mymensingh,Jamalpur,Melandaha,GhosherPara,ময়মনসিংহ,জামালপুর,মেলান্দহ,ঘোষেরপাড়া,Ghuserpara,exact,,1.0,1.0,1.0,ghuserparaup.jamalpur.gov.bd,melandah.jamalpur.gov.bd,www.jamalpur.gov.bd,www.mymensinghdiv.gov.bd,verified,verified,verified,verified
BGD.8.5.7.6_1,Mymensingh,Jamalpur,Sarishabari,Pingna,ময়মনসিংহ,জামালপুর,সরিষাবাড়ী,পিংনা,Pingna,exact,,1.0,1.0,1.0,pingnaup.jamalpur.gov.bd,sarishabari.jamalpur.gov.bd,www.jamalpur.gov.bd,www.mymensinghdiv.gov.bd,verified,verified,verified,verified
BGD.8.5.7.5_1,Mymensingh,Jamalpur,Sarishabari,Mahadan,ময়মনসিংহ,জামালপুর,সরিষাবাড়ী,মহাদান,Mahadan,exact,,1.0,1.0,1.0,mahadanup.jamalpur.gov.bd,sarishabari.jamalpur.gov.bd,www.jamalpur.gov.bd,www.mymensinghdiv.gov.bd,verified,verified,verified,verified
BGD.8.5.7.7_1,Mymensingh,Jamalpur,Sarishabari,Pogaldigha,ময়মনসিংহ,জামালপুর,সরিষাবাড়ী,পোগলদিঘা,Pogaldigha,exact,,1.0,1.0,1.0,pogaldighaup.jamalpur.gov.bd,sarishabari.jamalpur.gov.bd,www.jamalpur.gov.bd,www.mymensinghdiv.gov.bd,verified,verified,verified,verified
BGD.8.5.7.1_1,Mymensingh,Jamalpur,Sarishabari,Aona,ময়মনসিংহ,জামালপুর,সরিষাবাড়ী,আওনা,Aona,exact,,1.0,1.0,1.0,aonaup.jamalpur.gov.bd,sarishabari.jamalpur.gov.bd,www.jamalpur.gov.bd,www.mymensinghdiv.gov.bd,verified,verified,verified,verified
BGD.8.5.7.3_1,Mymensingh,Jamalpur,Sarishabari,Doail,ময়মনসিংহ,জামালপুর,সরিষাবাড়ী,ডোয়াইল,Doail,exact,,1.0,1.0,1.0,doailup.jamalpur.gov.bd,sarishabari.jamalpur.gov.bd,www.jamalpur.gov.bd,www.mymensinghdiv.gov.bd,verified,verified,verified,verified
BGD.8.5.7.8_1,Mymensingh,Jamalpur,Sarishabari,SarishabariPaurashava,ময়মনসিংহ,জামালপুর,সরিষাবাড়ী,সরিষাবাড়ী পৌরসভা,,paurashava,upazila,0.0,0.0,0.0,,sarishabari.jamalpur.gov.bd,www.jamalpur.gov.bd,www.mymensinghdiv.gov.bd,composed,verified,verified,verified
BGD.8.5.7.2_1,Mymensingh,Jamalpur,Sarishabari,Bhatara,ময়মনসিংহ,জামালপুর,সরিষাবাড়ী,ভাটারা,Bhatara,exact,,1.0,1.0,1.0,bhataraup.jamalpur.gov.bd,sarishabari.jamalpur.gov.bd,www.jamalpur.gov.bd,www.mymensinghdiv.gov.bd,verified,verified,verified,verified
BGD.8.5.7.4_1,Mymensingh,Jamalpur,Sarishabari,Kamrabad,ময়মনসিংহ,জামালপুর,সরিষাবাড়ী,কামরাবাদ,Kamrabad,exact,,1.0,1.0,1.0,kamrabadup.jamalpur.gov.bd,sarishabari.jamalpur.gov.bd,www.jamalpur.gov.bd,www.mymensinghdiv.gov.bd,verified,verified,verified,verified
BGD.8.5.7.9_1,Mymensingh,Jamalpur,Sarishabari,Satpoa,ময়মনসিংহ,জামালপুর,সরিষাবাড়ী,সাতপোয়া,Satpoa,exact,,1.0,1.0,1.0,satpoaup.jamalpur.gov.bd,sarishabari.jamalpur.gov.bd,www.jamalpur.gov.bd,www.mymensinghdiv.gov.bd,verified,verified,verified,verified
BGD.5.8.4.10_1,Rajshahi,Sirajganj,Kazipur,Nishchintapur,রাজশাহী,সিরাজগঞ্জ,কাজীপুর,নিশ্চিন্তপুর,Nishchintapur,exact,,1.0,1.0,1.0,nishchintapurup.sirajganj.gov.bd,kazipur.sirajganj.gov.bd,www.sirajganj.gov.bd,www.rajshahidiv.gov.bd,verified,verified,verified,verified
BGD.5.8.4.6_1,Rajshahi,Sirajganj,Kazipur,KhasRajbari,রাজশাহী,সিরাজগঞ্জ,কাজীপুর,খাসরাজবাড়ী,Khasrajbari,exact,,1.0,1.0,1.0,khasrajbariup.sirajganj.gov.bd,kazipur.sirajganj.gov.bd,www.sirajganj.gov.bd,www.rajshahidiv.gov.bd,verified,verified,verified,verified
BGD.5.8.4.12_1,Rajshahi,Sirajganj,Kazipur,Subhagachha,রাজশাহী,সিরাজগঞ্জ,কাজীপুর,শুভগাছা,Subhagacha,exact,,1.0,1.0,1.0,subhagachaup.sirajganj.gov.bd,kazipur.sirajganj.gov.bd,www.sirajganj.gov.bd,www.rajshahidiv.gov.bd,verified,verified,verified,verified
BGD.5.8.4.9_1,Rajshahi,Sirajganj,Kazipur,NatuarPara,রাজশাহী,সিরাজগঞ্জ,কাজীপুর,নাটুয়ারপাড়া,Natuarpara,exact,,1.0,1.0,1.0,natuarparaup.sirajganj.gov.bd,kazipur.sirajganj.gov.bd,www.sirajganj.gov.bd,www.rajshahidiv.gov.bd,verified,verified,verified,verified
BGD.5.8.4.4_1,Rajshahi,Sirajganj,Kazipur,Kazipur,রাজশাহী,সিরাজগঞ্জ,কাজীপুর,কাজিপুর সদর,Kazipur Sadar,sadar,,1.0,1.0,0.727,kazipursadarup.sirajganj.gov.bd,kazipur.sirajganj.gov.bd,www.sirajganj.gov.bd,www.rajshahidiv.gov.bd,verified,verified,verified,verified
BGD.5.8.4.13_1,Rajshahi,Sirajganj,Kazipur,Tekani,রাজশাহী,সিরাজগঞ্জ,কাজীপুর,তেকানী,Tekani,exact,,1.0,1.0,1.0,tekaniup.sirajganj.gov.bd,kazipur.sirajganj.gov.bd,www.sirajganj.gov.bd,www.rajshahidiv.gov.bd,verified,verified,verified,verified
BGD.5.8.4.7_1,Rajshahi,Sirajganj,Kazipur,Maijbari,রাজশাহী,সিরাজগঞ্জ,কাজীপুর,মাইজবাড়ী,Maijbari,exact,,1.0,1.0,1.0,maijbariup.sirajganj.gov.bd,kazipur.sirajganj.gov.bd,www.sirajganj.gov.bd,www.rajshahidiv.gov.bd,verified,verified,verified,verified
BGD.5.8.4.2_1,Rajshahi,Sirajganj,Kazipur,CharGirish,রাজশাহী,সিরাজগঞ্জ,কাজীপুর,চরগিরিশ,Chargirish,exact,,1.0,1.0,1.0,chargirishup.sirajganj.gov.bd,kazipur.sirajganj.gov.bd,www.sirajganj.gov.bd,www.rajshahidiv.gov.bd,verified,verified,verified,verified
BGD.5.8.4.3_1,Rajshahi,Sirajganj,Kazipur,Gandail,রাজশাহী,সিরাজগঞ্জ,কাজীপুর,গান্ধাইল,Gandail,exact,,1.0,1.0,1.0,gandailup.sirajganj.gov.bd,kazipur.sirajganj.gov.bd,www.sirajganj.gov.bd,www.rajshahidiv.gov.bd,verified,verified,verified,verified
BGD.5.8.4.8_1,Rajshahi,Sirajganj,Kazipur,MansurNagar,রাজশাহী,সিরাজগঞ্জ,কাজীপুর,মনসুর নগর,Monsur Nagar,exact,,1.0,1.0,1.0,monsurnagarup.sirajganj.gov.bd,kazipur.sirajganj.gov.bd,www.sirajganj.gov.bd,www.rajshahidiv.gov.bd,verified,verified,verified,verified
BGD.6.2.5.10_1,Rangpur,Gaibandha,Sadullapur,Naldanga,রংপুর,গাইবান্ধা,সাদুল্লাপুর,নলডাংগা,Noldanga,exact,,1.0,1.0,1.0,noldangaup.gaibandha.gov.bd,sadullapur.gaibandha.gov.bd,www.gaibandha.gov.bd,www.rangpurdiv.gov.bd,portal,verified,verified,verified
BGD.6.2.5.7_1,Rangpur,Gaibandha,Sadullapur,Jamalpur,রংপুর,গাইবান্ধা,সাদুল্লাপুর,জামালপুর,Jamalpur,exact,,1.0,1.0,1.0,jamalpurup.gaibandha.gov.bd,sadullapur.gaibandha.gov.bd,www.gaibandha.gov.bd,www.rangpurdiv.gov.bd,verified,verified,verified,verified
BGD.6.2.5.2_1,Rangpur,Gaibandha,Sadullapur,Bhatgram,রংপুর,গাইবান্ধা,সাদুল্লাপুর,ভাতগ্রাম,Vatgram,exact,,1.0,1.0,1.0,vatgramup.gaibandha.gov.bd,sadullapur.gaibandha.gov.bd,www.gaibandha.gov.bd,www.rangpurdiv.gov.bd,verified,verified,verified,verified
BGD.6.2.5.1_1,Rangpur,Gaibandha,Sadullapur,Banagram,রংপুর,গাইবান্ধা,সাদুল্লাপুর,বনগ্রাম,Bongram,exact,,1.0,1.0,1.0,bongramup.gaibandha.gov.bd,sadullapur.gaibandha.gov.bd,www.gaibandha.gov.bd,www.rangpurdiv.gov.bd,verified,verified,verified,verified
BGD.6.2.5.8_1,Rangpur,Gaibandha,Sadullapur,KhurdaKamarpur,রংপুর,গাইবান্ধা,সাদুল্লাপুর,,,rejected,,0.769,0.0,0.769,,sadullapur.gaibandha.gov.bd,www.gaibandha.gov.bd,www.rangpurdiv.gov.bd,none,verified,verified,verified
BGD.6.2.5.5_1,Rangpur,Gaibandha,Sadullapur,Faridpur,রংপুর,গাইবান্ধা,সাদুল্লাপুর,ফরিদপুর,Faridpur,exact,,1.0,1.0,1.0,faridpurup.gaibandha.gov.bd,sadullapur.gaibandha.gov.bd,www.gaibandha.gov.bd,www.rangpurdiv.gov.bd,verified,verified,verified,verified
BGD.6.2.5.6_1,Rangpur,Gaibandha,Sadullapur,Idilpur,রংপুর,গাইবান্ধা,সাদুল্লাপুর,ইদিলপুর,Idilpur,exact,,1.0,1.0,1.0,idilpurup.gaibandha.gov.bd,sadullapur.gaibandha.gov.bd,www.gaibandha.gov.bd,www.rangpurdiv.gov.bd,verified,verified,verified,verified
BGD.5.1.10.2_1,Rajshahi,Bogra,Sherpur,Bishalpur,রাজশাহী,বগুড়া,শেরপুর,বিশালপুর,Bishalpur,exact,,1.0,1.0,1.0,bishalpurup.bogra.gov.bd,sherpur.bogra.gov.bd,www.bogra.gov.bd,www.rajshahidiv.gov.bd,verified,verified,verified,verified
BGD.5.1.10.1_1,Rajshahi,Bogra,Sherpur,Bhabanipur,রাজশাহী,বগুড়া,শেরপুর,ভবানীপুর,Bhabanipur,exact,,1.0,1.0,1.0,bhabanipurup.bogra.gov.bd,sherpur.bogra.gov.bd,www.bogra.gov.bd,www.rajshahidiv.gov.bd,verified,verified,verified,verified
BGD.5.1.10.7_1,Rajshahi,Bogra,Sherpur,Mirzapur,রাজশাহী,বগুড়া,শেরপুর,মির্জাপুর,Mirzapur,exact,,1.0,1.0,1.0,mirzapurup.bogra.gov.bd,sherpur.bogra.gov.bd,www.bogra.gov.bd,www.rajshahidiv.gov.bd,verified,verified,verified,verified
BGD.5.1.10.8_1,Rajshahi,Bogra,Sherpur,Shah-Bandegi,রাজশাহী,বগুড়া,শেরপুর,শাহবন্দেগী,Shahbondegi,exact,,1.0,1.0,1.0,shahbondegiup.bogra.gov.bd,sherpur.bogra.gov.bd,www.bogra.gov.bd,www.rajshahidiv.gov.bd,verified,verified,verified,verified
BGD.5.1.10.6_1,Rajshahi,Bogra,Sherpur,Kusumbi,রাজশাহী,বগুড়া,শেরপুর,কুসুম্বী,Kusumbi,exact,,1.0,1.0,0.857,kusumbiup.bogra.gov.bd,sherpur.bogra.gov.bd,www.bogra.gov.bd,www.rajshahidiv.gov.bd,verified,verified,verified,verified
BGD.5.1.10.4_1,Rajshahi,Bogra,Sherpur,Khamarkandi,রাজশাহী,বগুড়া,শেরপুর,খামারকান্দি,Khamarkandi,exact,,1.0,1.0,1.0,khamarkandiup.bogra.gov.bd,sherpur.bogra.gov.bd,www.bogra.gov.bd,www.rajshahidiv.gov.bd,verified,verified,verified,verified
BGD.5.1.10.3_1,Rajshahi,Bogra,Sherpur,Garidaha,রাজশাহী,বগুড়া,শেরপুর,গাড়িদহ,Garidaha,exact,,1.0,1.0,1.0,garidahaup.bogra.gov.bd,sherpur.bogra.gov.bd,www.bogra.gov.bd,www.rajshahidiv.gov.bd,verified,verified,verified,verified
BGD.5.1.10.10_1,Rajshahi,Bogra,Sherpur,Shimabari,রাজশাহী,বগুড়া,শেরপুর,সীমাবাড়ি,Shimabari,exact,,1.0,1.0,1.0,shimabariup.bogra.gov.bd,sherpur.bogra.gov.bd,www.bogra.gov.bd,www.rajshahidiv.gov.bd,verified,verified,verified,verified
BGD.5.1.10.11_1,Rajshahi,Bogra,Sherpur,Sughat,রাজশাহী,বগুড়া,শেরপুর,সুঘাট,Sughat,exact,,1.0,1.0,1.0,sughatup.bogra.gov.bd,sherpur.bogra.gov.bd,www.bogra.gov.bd,www.rajshahidiv.gov.bd,verified,verified,verified,verified
BGD.5.1.12.8_1,Rajshahi,Bogra,Sonatola,TekaniChukainagar,রাজশাহী,বগুড়া,সোনাতলা,তেকানী চুকাইনগর,Tekani Chukinagar,exact,,1.0,1.0,1.0,tekanichukinagarup.bogra.gov.bd,sonatala.bogra.gov.bd,www.bogra.gov.bd,www.rajshahidiv.gov.bd,verified,verified,verified,verified
BGD.5.1.12.2_1,Rajshahi,Bogra,Sonatola,Digdair,রাজশাহী,বগুড়া,সোনাতলা,দিগদাইড়,Digdair,exact,,1.0,1.0,1.0,digdairup.bogra.gov.bd,sonatala.bogra.gov.bd,www.bogra.gov.bd,www.rajshahidiv.gov.bd,verified,verified,verified,verified
BGD.5.1.12.4_1,Rajshahi,Bogra,Sonatola,Madhupur,রাজশাহী,বগুড়া,সোনাতলা,মধুপুর,Madhupur,exact,,1.0,1.0,1.0,madhupurup.bogra.gov.bd,sonatala.bogra.gov.bd,www.bogra.gov.bd,www.rajshahidiv.gov.bd,verified,verified,verified,verified
BGD.5.1.12.1_1,Rajshahi,Bogra,Sonatola,Balua,রাজশাহী,বগুড়া,সোনাতলা,বালুয়া,Balua,exact,,1.0,1.0,1.0,baluaup.bogra.gov.bd,sonatala.bogra.gov.bd,www.bogra.gov.bd,www.rajshahidiv.gov.bd,verified,verified,verified,verified
BGD.5.1.12.5_1,Rajshahi,Bogra,Sonatola,Pakulla,রাজশাহী,বগুড়া,সোনাতলা,পাকুল্ল্যা,Pakulla,exact,,1.0,1.0,1.0,pakullaup.bogra.gov.bd,sonatala.bogra.gov.bd,www.bogra.gov.bd,www.rajshahidiv.gov.bd,verified,verified,verified,verified
BGD.5.1.12.6_1,Rajshahi,Bogra,Sonatola,Sonatala,রাজশাহী,বগুড়া,সোনাতলা,সোনাতলা,Sonatala,exact,,1.0,1.0,1.0,sonatalaup.bogra.gov.bd,sonatala.bogra.gov.bd,www.bogra.gov.bd,www.rajshahidiv.gov.bd,verified,verified,verified,verified
BGD.5.1.12.3_1,Rajshahi,Bogra,Sonatola,Jorgachha,রাজশাহী,বগুড়া,সোনাতলা,জোড়গাছা,Zorgacha,exact,,1.0,1.0,1.0,zorgachaup.bogra.gov.bd,sonatala.bogra.gov.bd,www.bogra.gov.bd,www.rajshahidiv.gov.bd,verified,verified,verified,verified
BGD.8.5.1.3_1,Mymensingh,Jamalpur,Bakshiganj,Battajore,ময়মনসিংহ,জামালপুর,বকশীগঞ্জ,বাট্রাজোড়,Battajore,exact,,1.0,1.0,0.889,battajoreup.jamalpur.gov.bd,bokshiganj.jamalpur.gov.bd,www.jamalpur.gov.bd,www.mymensinghdiv.gov.bd,verified,verified,verified,verified
BGD.8.5.1.4_1,Mymensingh,Jamalpur,Bakshiganj,Dhanua,ময়মনসিংহ,জামালপুর,বকশীগঞ্জ,ধানুয়া,Danua,exact,,1.0,1.0,1.0,danuaup.jamalpur.gov.bd,bokshiganj.jamalpur.gov.bd,www.jamalpur.gov.bd,www.mymensinghdiv.gov.bd,verified,verified,verified,verified
BGD.8.5.1.6_1,Mymensingh,Jamalpur,Bakshiganj,Nilakshmia,ময়মনসিংহ,জামালপুর,বকশীগঞ্জ,নিলক্ষিয়া,Nilakhia,fuzzy,,0.75,0.386,0.75,nilakhiaup.jamalpur.gov.bd,bokshiganj.jamalpur.gov.bd,www.jamalpur.gov.bd,www.mymensinghdiv.gov.bd,verified,verified,verified,verified
BGD.8.5.1.2_1,Mymensingh,Jamalpur,Bakshiganj,Bakshiganj,ময়মনসিংহ,জামালপুর,বকশীগঞ্জ,বকসীগঞ্জ,Bakshigonj,exact,,1.0,1.0,1.0,bakshigonjup.jamalpur.gov.bd,bokshiganj.jamalpur.gov.bd,www.jamalpur.gov.bd,www.mymensinghdiv.gov.bd,verified,verified,verified,verified
BGD.8.5.1.1_1,Mymensingh,Jamalpur,Bakshiganj,BagarChar,ময়মনসিংহ,জামালপুর,বকশীগঞ্জ,বগারচর,Bagarchar,exact,,1.0,1.0,1.0,bagarcharup.jamalpur.gov.bd,bokshiganj.jamalpur.gov.bd,www.jamalpur.gov.bd,www.mymensinghdiv.gov.bd,verified,verified,verified,verified
BGD.8.5.1.5_1,Mymensingh,Jamalpur,Bakshiganj,MerurChar,ময়মনসিংহ,জামালপুর,বকশীগঞ্জ,মেরুরচর,Merurchar,exact,,1.0,1.0,1.0,merurcharup.jamalpur.gov.bd,bokshiganj.jamalpur.gov.bd,www.jamalpur.gov.bd,www.mymensinghdiv.gov.bd,verified,verified,verified,verified
BGD.8.5.1.7_1,Mymensingh,Jamalpur,Bakshiganj,SadhurPara,ময়মনসিংহ,জামালপুর,বকশীগঞ্জ,সাধুরপাড়া,Shadurpara,exact,,1.0,1.0,1.0,shadurparaup.jamalpur.gov.bd,bokshiganj.jamalpur.gov.bd,www.jamalpur.gov.bd,www.mymensinghdiv.gov.bd,verified,verified,verified,verified
BGD.5.8.5.5_1,Rajshahi,Sirajganj,Royganj,Dhubil,রাজশাহী,সিরাজগঞ্জ,রায়গঞ্জ,ধুবিল,Dhubil,exact,,1.0,1.0,1.0,dhubilup.sirajganj.gov.bd,raigonj.sirajganj.gov.bd,www.sirajganj.gov.bd,www.rajshahidiv.gov.bd,verified,verified,verified,verified
BGD.5.8.5.6_1,Rajshahi,Sirajganj,Royganj,Ghurka,রাজশাহী,সিরাজগঞ্জ,রায়গঞ্জ,ঘুড়কা,Ghurka,exact,,1.0,1.0,1.0,ghurkaup.sirajganj.gov.bd,raigonj.sirajganj.gov.bd,www.sirajganj.gov.bd,www.rajshahidiv.gov.bd,verified,verified,verified,verified
BGD.5.8.5.3_1,Rajshahi,Sirajganj,Royganj,Dhamainagar,রাজশাহী,সিরাজগঞ্জ,রায়গঞ্জ,ধামাইনগর,Dhamainagar,exact,,1.0,1.0,1.0,dhamainagarup.sirajganj.gov.bd,raigonj.sirajganj.gov.bd,www.sirajganj.gov.bd,www.rajshahidiv.gov.bd,verified,verified,verified,verified
BGD.5.8.5.7_1,Rajshahi,Sirajganj,Royganj,Nalka,রাজশাহী,সিরাজগঞ্জ,রায়গঞ্জ,নলকা,Nalka,exact,,1.0,1.0,1.0,nalkaup.sirajganj.gov.bd,raigonj.sirajganj.gov.bd,www.sirajganj.gov.bd,www.rajshahidiv.gov.bd,verified,verified,verified,verified
BGD.5.8.5.10_1,Rajshahi,Sirajganj,Royganj,Sonakhara,রাজশাহী,সিরাজগঞ্জ,রায়গঞ্জ,সোনাখাড়া,Sonakhara,exact,,1.0,1.0,1.0,sonakharaup.sirajganj.gov.bd,raigonj.sirajganj.gov.bd,www.sirajganj.gov.bd,www.rajshahidiv.gov.bd,verified,verified,verified,verified
BGD.5.8.5.8_1,Rajshahi,Sirajganj,Royganj,Pangashi,রাজশাহী,সিরাজগঞ্জ,রায়গঞ্জ,পাঙ্গাসী,Pangashi,exact,,1.0,1.0,1.0,pangashiup.sirajganj.gov.bd,raigonj.sirajganj.gov.bd,www.sirajganj.gov.bd,www.rajshahidiv.gov.bd,verified,verified,verified,verified
BGD.5.8.5.2_1,Rajshahi,Sirajganj,Royganj,Chandaikona,রাজশাহী,সিরাজগঞ্জ,রায়গঞ্জ,চান্দাইকোনা,Chandaikona,exact,,1.0,1.0,1.0,chandaikonaup.sirajganj.gov.bd,raigonj.sirajganj.gov.bd,www.sirajganj.gov.bd,www.rajshahidiv.gov.bd,verified,verified,verified,verified
BGD.5.8.5.4_1,Rajshahi,Sirajganj,Royganj,Dhangara,রাজশাহী,সিরাজগঞ্জ,রায়গঞ্জ,ধানগড়া,Dhangora,exact,,1.0,1.0,1.0,dhangoraup.sirajganj.gov.bd,raigonj.sirajganj.gov.bd,www.sirajganj.gov.bd,www.rajshahidiv.gov.bd,verified,verified,verified,verified
BGD.5.8.5.1_1,Rajshahi,Sirajganj,Royganj,Brahmagachha,রাজশাহী,সিরাজগঞ্জ,রায়গঞ্জ,ব্রহ্মগাছা,Brommogacha,exact-bengali,,1.0,1.0,1.0,brommogachaup.sirajganj.gov.bd,raigonj.sirajganj.gov.bd,www.sirajganj.gov.bd,www.rajshahidiv.gov.bd,verified,verified,verified,verified
BGD.5.8.5.9_1,Rajshahi,Sirajganj,Royganj,RoyganjPaurashava,রাজশাহী,সিরাজগঞ্জ,রায়গঞ্জ,রায়গঞ্জ পৌরসভা,,paurashava,upazila,0.0,0.0,0.0,,raigonj.sirajganj.gov.bd,www.sirajganj.gov.bd,www.rajshahidiv.gov.bd,composed,verified,verified,verified
BGD.8.16.5.7_1,Mymensingh,Sherpur,Sreebardi,RaniShimul,ময়মনসিংহ,শেরপুর,শ্রীবরদী,রানীশিমুল,Ranishimul,exact,,1.0,1.0,1.0,ranishimulup.sherpur.gov.bd,sreebordi.sherpur.gov.bd,www.sherpur.gov.bd,www.mymensinghdiv.gov.bd,verified,verified,verified,verified
BGD.8.16.5.9_1,Mymensingh,Sherpur,Sreebardi,Sreebardi,ময়মনসিংহ,শেরপুর,শ্রীবরদী,শ্রীবরদী,Sreebordi,exact,,1.0,1.0,1.0,sreebordiup.sherpur.gov.bd,sreebordi.sherpur.gov.bd,www.sherpur.gov.bd,www.mymensinghdiv.gov.bd,verified,verified,verified,verified
BGD.8.16.5.8_1,Mymensingh,Sherpur,Sreebardi,SingaBaruna,ময়মনসিংহ,শেরপুর,শ্রীবরদী,সিংগাবরুনা,Singabaruna,exact,,1.0,1.0,1.0,singabarunaup.sherpur.gov.bd,sreebordi.sherpur.gov.bd,www.sherpur.gov.bd,www.mymensinghdiv.gov.bd,verified,verified,verified,verified
BGD.8.16.5.11_1,Mymensingh,Sherpur,Sreebardi,Tantihati,ময়মনসিংহ,শেরপুর,শ্রীবরদী,তাতীহাটি,Tatihati,fuzzy,,0.75,0.55,0.75,tatihatiup.sherpur.gov.bd,sreebordi.sherpur.gov.bd,www.sherpur.gov.bd,www.mymensinghdiv.gov.bd,verified,verified,verified,verified
BGD.8.16.5.5_1,Mymensingh,Sherpur,Sreebardi,KhariaKazirChar,ময়মনসিংহ,শেরপুর,শ্রীবরদী,খড়িয়া কাজিরচর,Kharia Kazirchar,exact,,1.0,1.0,1.0,khariakazircharup.sherpur.gov.bd,sreebordi.sherpur.gov.bd,www.sherpur.gov.bd,www.mymensinghdiv.gov.bd,verified,verified,verified,verified
BGD.8.16.5.4_1,Mymensingh,Sherpur,Sreebardi,Kakilakura,ময়মনসিংহ,শেরপুর,শ্রীবরদী,কাকিলাকুড়া,Kakilakura,exact,,1.0,1.0,1.0,kakilakuraup.sherpur.gov.bd,sreebordi.sherpur.gov.bd,www.sherpur.gov.bd,www.mymensinghdiv.gov.bd,verified,verified,verified,verified
BGD.8.16.5.10_1,Mymensingh,Sherpur,Sreebardi,SreebardiPaurashava,ময়মনসিংহ,শেরপুর,শ্রীবরদী,শ্রীবরদী পৌরসভা,,paurashava,upazila,0.0,0.0,0.0,,sreebordi.sherpur.gov.bd,www.sherpur.gov.bd,www.mymensinghdiv.gov.bd,composed,verified,verified,verified
BGD.8.16.5.3_1,Mymensingh,Sherpur,Sreebardi,Gosaipur,ময়মনসিংহ,শেরপুর,শ্রীবরদী,গোশাইপুর,Gosaipur,exact,,1.0,1.0,1.0,gosaipurup.sherpur.gov.bd,sreebordi.sherpur.gov.bd,www.sherpur.gov.bd,www.mymensinghdiv.gov.bd,verified,verified,verified,verified
BGD.8.16.5.1_1,Mymensingh,Sherpur,Sreebardi,Bhelua,ময়মনসিংহ,শেরপুর,শ্রীবরদী,ভেলুয়া,Bhelua,exact,,1.0,1.0,1.0,bheluaup.sherpur.gov.bd,sreebordi.sherpur.gov.bd,www.sherpur.gov.bd,www.mymensinghdiv.gov.bd,verified,verified,verified,verified
BGD.3.17.6.8_1,Dhaka,Tangail,Gopalpur,NagdaSimla,ঢাকা,টাঙ্গাইল,গোপালপুর,নগদাশিমলা,Nagdashimla,exact,,1.0,1.0,1.0,nagdashimlaup.tangail.gov.bd,gopalpur.tangail.gov.bd,www.tangail.gov.bd,www.dhakadiv.gov.bd,verified,verified,verified,verified
BGD.3.17.6.7_1,Dhaka,Tangail,Gopalpur,Mirzapur,ঢাকা,টাঙ্গাইল,গোপালপুর,মির্জাপুর,Mirzapur,exact,,1.0,1.0,1.0,mirzapurup.tangail.gov.bd,gopalpur.tangail.gov.bd,www.tangail.gov.bd,www.dhakadiv.gov.bd,verified,verified,verified,verified
BGD.3.17.6.1_1,Dhaka,Tangail,Gopalpur,Alamnagar,ঢাকা,টাঙ্গাইল,গোপালপুর,আলমনগর,Alamnagor,exact,,1.0,1.0,1.0,alamnagorup.tangail.gov.bd,gopalpur.tangail.gov.bd,www.tangail.gov.bd,www.dhakadiv.gov.bd,verified,verified,verified,verified
BGD.3.17.6.6_1,Dhaka,Tangail,Gopalpur,Jhawail,ঢাকা,টাঙ্গাইল,গোপালপুর,ঝাওয়াইল,Jhawail,exact,,1.0,1.0,1.0,jhawailup.tangail.gov.bd,gopalpur.tangail.gov.bd,www.tangail.gov.bd,www.dhakadiv.gov.bd,verified,verified,verified,verified
BGD.3.17.6.3_1,Dhaka,Tangail,Gopalpur,GopalpurPaurashava,ঢাকা,টাঙ্গাইল,গোপালপুর,গোপালপুর পৌরসভা,,paurashava,upazila,0.0,0.0,0.0,,gopalpur.tangail.gov.bd,www.tangail.gov.bd,www.dhakadiv.gov.bd,composed,verified,verified,verified
BGD.3.17.6.5_1,Dhaka,Tangail,Gopalpur,Hemnagar,ঢাকা,টাঙ্গাইল,গোপালপুর,হেমনগর,Hemnagor,exact,,1.0,1.0,1.0,hemnagorup.tangail.gov.bd,gopalpur.tangail.gov.bd,www.tangail.gov.bd,www.dhakadiv.gov.bd,verified,verified,verified,verified
BGD.3.17.6.2_1,Dhaka,Tangail,Gopalpur,Dhopakandi,ঢাকা,টাঙ্গাইল,গোপালপুর,ধোপাকান্দি,Dhopakandi,exact,,1.0,1.0,1.0,dhopakandiup.tangail.gov.bd,gopalpur.tangail.gov.bd,www.tangail.gov.bd,www.dhakadiv.gov.bd,verified,verified,verified,verified
BGD.3.17.6.4_1,Dhaka,Tangail,Gopalpur,Hadira,ঢাকা,টাঙ্গাইল,গোপালপুর,হাদিরা,Hadera,exact,,1.0,1.0,1.0,haderaup.tangail.gov.bd,gopalpur.tangail.gov.bd,www.tangail.gov.bd,www.dhakadiv.gov.bd,verified,verified,verified,verified
BGD.5.1.2.10_1,Rajshahi,Bogra,BograSadar,Sekherkola,রাজশাহী,বগুড়া,বগুড়া সদর,শেখেরকোলা,Sekherkola,exact,,1.0,1.0,1.0,sekherkolaup.bogra.gov.bd,sadar.bogra.gov.bd,www.bogra.gov.bd,www.rajshahidiv.gov.bd,verified,verified,verified,verified
BGD.5.1.2.12_1,Rajshahi,Bogra,BograSadar,Shakharia,রাজশাহী,বগুড়া,বগুড়া সদর,শাখারিয়া,Shakharia,exact,,1.0,1.0,1.0,shakhariaup.bogra.gov.bd,sadar.bogra.gov.bd,www.bogra.gov.bd,www.rajshahidiv.gov.bd,verified,verified,verified,verified
BGD.5.1.2.11_1,Rajshahi,Bogra,BograSadar,Shabgram,রাজশাহী,বগুড়া,বগুড়া সদর,সাবগ্রাম,Shabgram,exact,,1.0,1.0,1.0,shabgramup.bogra.gov.bd,sadar.bogra.gov.bd,www.bogra.gov.bd,www.rajshahidiv.gov.bd,verified,verified,verified,verified
BGD.5.1.2.9_1,Rajshahi,Bogra,BograSadar,Rajapur,রাজশাহী,বগুড়া,বগুড়া সদর,রাজাপুর,Rajapur,exact,,1.0,1.0,1.0,rajapurup.bogra.gov.bd,sadar.bogra.gov.bd,www.bogra.gov.bd,www.rajshahidiv.gov.bd,verified,verified,verified,verified
BGD.5.1.2.5_1,Rajshahi,Bogra,BograSadar,LahiriPara,রাজশাহী,বগুড়া,বগুড়া সদর,লাহিড়ীপাড়া,Lahiripara,exact,,1.0,1.0,1.0,lahiriparaup.bogra.gov.bd,sadar.bogra.gov.bd,www.bogra.gov.bd,www.rajshahidiv.gov.bd,verified,verified,verified,verified
BGD.5.1.2.7_1,Rajshahi,Bogra,BograSadar,Nishindara,রাজশাহী,বগুড়া,বগুড়া সদর,নিশিন্দারা,Nishindara,exact,,1.0,1.0,1.0,nishindaraup.bogra.gov.bd,sadar.bogra.gov.bd,www.bogra.gov.bd,www.rajshahidiv.gov.bd,verified,verified,verified,verified
BGD.6.7.3.2_1,Rangpur,Rangpur,Kaunia,KauniaBalaPara,রংপুর,রংপুর,কাউনিয়া,বালাপাড়া,Balapara,fuzzy,,0.8,0.436,0.8,balaparaup.rangpur.gov.bd,kaunia.rangpur.gov.bd,www.rangpur.gov.bd,www.rangpurdiv.gov.bd,verified,verified,verified,verified
BGD.6.7.3.7_1,Rangpur,Rangpur,Kaunia,TepaMadhupur,রংপুর,রংপুর,কাউনিয়া,টেপামধুপুর,Tepamodhupur,exact,,1.0,1.0,1.0,tepamodhupurup.rangpur.gov.bd,kaunia.rangpur.gov.bd,www.rangpur.gov.bd,www.rangpurdiv.gov.bd,verified,verified,verified,verified
BGD.5.8.9.5_1,Rajshahi,Sirajganj,UllahPara,Hatikumrul,রাজশাহী,সিরাজগঞ্জ,উল্লাপাড়া,হাটিকুমরুল,Hatikumrul,exact,,1.0,1.0,1.0,hatikumrulup.sirajganj.gov.bd,ullapara.sirajganj.gov.bd,www.sirajganj.gov.bd,www.rajshahidiv.gov.bd,portal,verified,verified,verified
BGD.5.8.9.10_1,Rajshahi,Sirajganj,UllahPara,Salanga,রাজশাহী,সিরাজগঞ্জ,উল্লাপাড়া,সলঙ্গা,Salanga,exact,,1.0,1.0,1.0,salangaup.sirajganj.gov.bd,ullapara.sirajganj.gov.bd,www.sirajganj.gov.bd,www.rajshahidiv.gov.bd,verified,verified,verified,verified
BGD.5.8.9.9_1,Rajshahi,Sirajganj,UllahPara,Ramkrishnapur,রাজশাহী,সিরাজগঞ্জ,উল্লাপাড়া,রামকৃষ্ণপুর,Ramkrisnopur,exact,,1.0,1.0,1.0,ramkrisnopurup.sirajganj.gov.bd,ullapara.sirajganj.gov.bd,www.sirajganj.gov.bd,www.rajshahidiv.gov.bd,verified,verified,verified,verified
BGD.6.2.4.6_1,Rangpur,Gaibandha,Palashbari,Manoharpur,রংপুর,গাইবান্ধা,পলাশবাড়ী,মনোহরপুর,Monohorpur,exact,,1.0,1.0,1.0,monohorpurup.gaibandha.gov.bd,palashbari.gaibandha.gov.bd,www.gaibandha.gov.bd,www.rangpurdiv.gov.bd,verified,verified,verified,verified
BGD.6.2.4.3_1,Rangpur,Gaibandha,Palashbari,Harinathpur,রংপুর,গাইবান্ধা,পলাশবাড়ী,হরিণাথপুর,Harinathpur,exact,,1.0,1.0,1.0,harinathpurup.gaibandha.gov.bd,palashbari.gaibandha.gov.bd,www.gaibandha.gov.bd,www.rangpurdiv.gov.bd,verified,verified,verified,verified
BGD.6.2.4.7_1,Rangpur,Gaibandha,Palashbari,Mohadipur,রংপুর,গাইবান্ধা,পলাশবাড়ী,মহদীপুর,Mohdipur,exact,,1.0,1.0,1.0,mohdipurup.gaibandha.gov.bd,palashbari.gaibandha.gov.bd,www.gaibandha.gov.bd,www.rangpurdiv.gov.bd,verified,verified,verified,verified
BGD.6.2.4.1_1,Rangpur,Gaibandha,Palashbari,Barisal,রংপুর,গাইবান্ধা,পলাশবাড়ী,বরিশাল,Barisal,exact,,1.0,1.0,1.0,barisalup.gaibandha.gov.bd,palashbari.gaibandha.gov.bd,www.gaibandha.gov.bd,www.rangpurdiv.gov.bd,verified,verified,verified,verified
BGD.6.2.4.9_1,Rangpur,Gaibandha,Palashbari,Palashbari,রংপুর,গাইবান্ধা,পলাশবাড়ী,পলাশবাড়ী,Palashbari,exact,,1.0,1.0,1.0,palashbariup.gaibandha.gov.bd,palashbari.gaibandha.gov.bd,www.gaibandha.gov.bd,www.rangpurdiv.gov.bd,no Bengali title,verified,verified,verified
BGD.5.1.9.7_1,Rajshahi,Bogra,Shajahanpur,KhottaPara,রাজশাহী,বগুড়া,শাজাহানপুর,খোট্টাপাড়া,Khottapara,exact,,1.0,1.0,1.0,Khottaparaup.bogra.gov.bd,shajahanpur.bogra.gov.bd,www.bogra.gov.bd,www.rajshahidiv.gov.bd,verified,verified,verified,verified
BGD.5.1.9.1_1,Rajshahi,Bogra,Shajahanpur,Amrool,রাজশাহী,বগুড়া,শাজাহানপুর,আমরুল,Amrul,exact,,1.0,1.0,1.0,amrulup.bogra.gov.bd,shajahanpur.bogra.gov.bd,www.bogra.gov.bd,www.rajshahidiv.gov.bd,verified,verified,verified,verified
BGD.5.1.9.4_1,Rajshahi,Bogra,Shajahanpur,Chopinagar,রাজশাহী,বগুড়া,শাজাহানপুর,চোপিনগর,Chopinagar,exact,,1.0,1.0,1.0,chopinagarup.bogra.gov.bd,shajahanpur.bogra.gov.bd,www.bogra.gov.bd,www.rajshahidiv.gov.bd,verified,verified,verified,verified
BGD.5.1.9.3_1,Rajshahi,Bogra,Shajahanpur,Asekpur,রাজশাহী,বগুড়া,শাজাহানপুর,আশেকপুর,Asekpur,exact,,1.0,1.0,1.0,asekpurup.bogra.gov.bd,shajahanpur.bogra.gov.bd,www.bogra.gov.bd,www.rajshahidiv.gov.bd,verified,verified,verified,verified
BGD.5.1.9.11_1,Rajshahi,Bogra,Shajahanpur,Sultanganj(Part),রাজশাহী,বগুড়া,শাজাহানপুর,,,rejected,,0.333,0.133,0.333,,shajahanpur.bogra.gov.bd,www.bogra.gov.bd,www.rajshahidiv.gov.bd,none,verified,verified,verified
BGD.5.1.9.8_1,Rajshahi,Bogra,Shajahanpur,Madla,রাজশাহী,বগুড়া,শাজাহানপুর,মাদলা,Madla,exact,,1.0,1.0,1.0,madlaup.bogra.gov.bd,shajahanpur.bogra.gov.bd,www.bogra.gov.bd,www.rajshahidiv.gov.bd,verified,verified,verified,verified
BGD.5.1.9.2_1,Rajshahi,Bogra,Shajahanpur,Aria,রাজশাহী,বগুড়া,শাজাহানপুর,আড়িয়া,Aria,exact,,1.0,1.0,1.0,ariaup.bogra.gov.bd,shajahanpur.bogra.gov.bd,www.bogra.gov.bd,www.rajshahidiv.gov.bd,verified,verified,verified,verified
BGD.5.1.9.5_1,Rajshahi,Bogra,Shajahanpur,Gohail,রাজশাহী,বগুড়া,শাজাহানপুর,গোহাইল,Gohail,exact,,1.0,1.0,1.0,gohailup.bogra.gov.bd,shajahanpur.bogra.gov.bd,www.bogra.gov.bd,www.rajshahidiv.gov.bd,verified,verified,verified,verified
BGD.5.1.9.6_1,Rajshahi,Bogra,Shajahanpur,Kharna,রাজশাহী,বগুড়া,শাজাহানপুর,খরনা,Kharna,exact,,1.0,1.0,1.0,kharnaup.bogra.gov.bd,shajahanpur.bogra.gov.bd,www.bogra.gov.bd,www.rajshahidiv.gov.bd,verified,verified,verified,verified
BGD.5.1.9.9_1,Rajshahi,Bogra,Shajahanpur,Majhira,রাজশাহী,বগুড়া,শাজাহানপুর,মাঝিড়া,Majhira,exact,,1.0,1.0,1.0,majhiraup.bogra.gov.bd,shajahanpur.bogra.gov.bd,www.bogra.gov.bd,www.rajshahidiv.gov.bd,verified,verified,verified,verified
BGD.5.1.9.10_1,Rajshahi,Bogra,Shajahanpur,Paurashava,রাজশাহী,বগুড়া,শাজাহানপুর,পৌরসভা,,paurashava,,0.0,0.0,0.0,,shajahanpur.bogra.gov.bd,www.bogra.gov.bd,www.rajshahidiv.gov.bd,composed,verified,verified,verified
BGD.3.17.4.8_1,Dhaka,Tangail,Dhanbari,Paiska,ঢাকা,টাঙ্গাইল,ধনবাড়ী,পাইস্কা,Paiska,exact,,1.0,1.0,1.0,paiskaup.tangail.gov.bd,dhanbari.tangail.gov.bd,www.tangail.gov.bd,www.dhakadiv.gov.bd,verified,verified,verified,verified
BGD.3.17.4.2_1,Dhaka,Tangail,Dhanbari,Baniajan,ঢাকা,টাঙ্গাইল,ধনবাড়ী,বানিয়াজান,Baniajan,exact,,1.0,1.0,1.0,baniajanup.tangail.gov.bd,dhanbari.tangail.gov.bd,www.tangail.gov.bd,www.dhakadiv.gov.bd,verified,verified,verified,verified
BGD.3.17.4.4_1,Dhaka,Tangail,Dhanbari,Dhanbari,ঢাকা,টাঙ্গাইল,ধনবাড়ী,,,rejected,,0.6,0.1,0.6,,dhanbari.tangail.gov.bd,www.tangail.gov.bd,www.dhakadiv.gov.bd,none,verified,verified,verified
BGD.6.2.3.16_1,Rangpur,Gaibandha,Gobindaganj,Shalmara,রংপুর,গাইবান্ধা,গোবিন্দগঞ্জ,শালমারা,Shalmara,exact,,1.0,1.0,1.0,shalmaraup.gaibandha.gov.bd,gobindaganj.gaibandha.gov.bd,www.gaibandha.gov.bd,www.rangpurdiv.gov.bd,verified,verified,verified,verified
BGD.6.2.3.17_1,Rangpur,Gaibandha,Gobindaganj,Shibpur,রংপুর,গাইবান্ধা,গোবিন্দগঞ্জ,শিবপুর,Shibpur,exact,,1.0,1.0,1.0,shibpurup.gaibandha.gov.bd,gobindaganj.gaibandha.gov.bd,www.gaibandha.gov.bd,www.rangpurdiv.gov.bd,verified,verified,verified,verified
BGD.6.2.3.9_1,Rangpur,Gaibandha,Gobindaganj,Mahimaganj,রংপুর,গাইবান্ধা,গোবিন্দগঞ্জ,মহিমাগঞ্জ,Mahimaganj,exact,,1.0,1.0,1.0,mahimaganjup.gaibandha.gov.bd,gobindaganj.gaibandha.gov.bd,www.gaibandha.gov.bd,www.rangpurdiv.gov.bd,verified,verified,verified,verified
BGD.6.2.3.8_1,Rangpur,Gaibandha,Gobindaganj,Kochasahar,রংপুর,গাইবান্ধা,গোবিন্দগঞ্জ,কোচাশহর,Kochasahar,exact,,1.0,1.0,1.0,kochasaharup.gaibandha.gov.bd,gobindaganj.gaibandha.gov.bd,www.gaibandha.gov.bd,www.rangpurdiv.gov.bd,verified,verified,verified,verified
BGD.6.2.3.4_1,Rangpur,Gaibandha,Gobindaganj,Harirampur,রংপুর,গাইবান্ধা,গোবিন্দগঞ্জ,হরিরামপুর,Harirampur,exact,,1.0,1.0,1.0,harirampurup.gaibandha.gov.bd,gobindaganj.gaibandha.gov.bd,www.gaibandha.gov.bd,www.rangpurdiv.gov.bd,verified,verified,verified,verified
BGD.6.2.3.10_1,Rangpur,Gaibandha,Gobindaganj,Nakai,রংপুর,গাইবান্ধা,গোবিন্দগঞ্জ,নাকাই,Nakai,exact,,1.0,1.0,1.0,nakaiup.gaibandha.gov.bd,gobindaganj.gaibandha.gov.bd,www.gaibandha.gov.bd,www.rangpurdiv.gov.bd,verified,verified,verified,verified
BGD.6.2.3.2_1,Rangpur,Gaibandha,Gobindaganj,Fulbari,রংপুর,গাইবান্ধা,গোবিন্দগঞ্জ,ফুলবাড়ী,Phulbari,exact,,1.0,1.0,1.0,phulbariup.gaibandha.gov.bd,gobindaganj.gaibandha.gov.bd,www.gaibandha.gov.bd,www.rangpurdiv.gov.bd,verified,verified,verified,verified
BGD.6.2.3.1_1,Rangpur,Gaibandha,Gobindaganj,Darbasta,রংপুর,গাইবান্ধা,গোবিন্দগঞ্জ,দরবস্ত,Dorbosto,exact,,1.0,1.0,0.909,dorbostoup.gaibandha.gov.bd,gobindaganj.gaibandha.gov.bd,www.gaibandha.gov.bd,www.rangpurdiv.gov.bd,portal,verified,verified,verified
BGD.6.2.3.18_1,Rangpur,Gaibandha,Gobindaganj,TalukKanupur,রংপুর,গাইবান্ধা,গোবিন্দগঞ্জ,তালুককানুপুর,Talukkanupur,exact,,1.0,1.0,1.0,talukkanupurup.gaibandha.gov.bd,gobindaganj.gaibandha.gov.bd,www.gaibandha.gov.bd,www.rangpurdiv.gov.bd,verified,verified,verified,verified
BGD.3.17.8.4_1,Dhaka,Tangail,Madhupur,Golabari,ঢাকা,টাঙ্গাইল,মধুপুর,গোলাবাড়ী,Golabari,exact,,1.0,1.0,1.0,golabariup.tangail.gov.bd,madhupur.tangail.gov.bd,www.tangail.gov.bd,www.dhakadiv.gov.bd,verified,verified,verified,verified
BGD.8.16.4.10_1,Mymensingh,Sherpur,SherpurSadar,KamarerChar,ময়মনসিংহ,শেরপুর,শেরপুর সদর,কামারের চর,Kamararchor,exact,,1.0,1.0,1.0,kamararchorup.sherpur.gov.bd,sherpursadar.sherpur.gov.bd,www.sherpur.gov.bd,www.mymensinghdiv.gov.bd,verified,verified,verified,verified
BGD.8.16.4.6_1,Mymensingh,Sherpur,SherpurSadar,CharPakshimari,ময়মনসিংহ,শেরপুর,শেরপুর সদর,চর পক্ষীমারি,Chorpokhimari,fuzzy,,0.923,0.256,0.923,chorpokhimariup.sherpur.gov.bd,sherpursadar.sherpur.gov.bd,www.sherpur.gov.bd,www.mymensinghdiv.gov.bd,verified,verified,verified,verified
BGD.6.4.1.3_1,Rangpur,Lalmonirhat,Aditmari,Durgapur,রংপুর,লালমনিরহাট,আদিতমারী,দূর্গাপুর,Durgapur,exact,,1.0,1.0,1.0,durgapurup.lalmonirhat.gov.bd,aditmari.lalmonirhat.gov.bd,www.lalmonirhat.gov.bd,www.rangpurdiv.gov.bd,verified,verified,verified,verified
BGD.6.4.1.8_1,Rangpur,Lalmonirhat,Aditmari,Sarpukur,রংপুর,লালমনিরহাট,আদিতমারী,সারপুকুর,Sarpukur,exact,,1.0,1.0,1.0,sarpukurup.lalmonirhat.gov.bd,aditmari.lalmonirhat.gov.bd,www.lalmonirhat.gov.bd,www.rangpurdiv.gov.bd,verified,verified,verified,verified
BGD.5.1.11.8_1,Rajshahi,Bogra,Shibganj,Mokamtala,রাজশাহী,বগুড়া,শিবগঞ্জ,মোকামতলা,Mokamtala,exact,,1.0,1.0,1.0,mokamtalaup.bogra.gov.bd,shibganj.bogra.gov.bd,www.bogra.gov.bd,www.rajshahidiv.gov.bd,verified,verified,verified,verified
BGD.5.1.11.4_1,Rajshahi,Bogra,Shibganj,Deuli,রাজশাহী,বগুড়া,শিবগঞ্জ,দেউলি,Deuly,exact,,1.0,1.0,1.0,deulyup.bogra.gov.bd,shibganj.bogra.gov.bd,www.bogra.gov.bd,www.rajshahidiv.gov.bd,verified,verified,verified,verified
BGD.5.1.11.10_1,Rajshahi,Bogra,Shibganj,Roynagar,রাজশাহী,বগুড়া,শিবগঞ্জ,রায়নগর,Raynagar,exact,,1.0,1.0,1.0,raynagarup.bogra.gov.bd,shibganj.bogra.gov.bd,www.bogra.gov.bd,www.rajshahidiv.gov.bd,verified,verified,verified,verified
BGD.5.1.11.11_1,Rajshahi,Bogra,Shibganj,Saidpur,রাজশাহী,বগুড়া,শিবগঞ্জ,সৈয়দপুর,Sayedpur,exact,,1.0,1.0,1.0,sayedpurup.bogra.gov.bd,shibganj.bogra.gov.bd,www.bogra.gov.bd,www.rajshahidiv.gov.bd,verified,verified,verified,verified
BGD.3.17.5.5_1,Dhaka,Tangail,Ghatail,Digalkandi,ঢাকা,টাঙ্গাইল,ঘাটাইল,দিঘলকান্দি,Dighalkandia,exact,,1.0,1.0,1.0,dighalkandiaup.tangail.gov.bd,ghatail.tangail.gov.bd,www.tangail.gov.bd,www.dhakadiv.gov.bd,verified,verified,verified,verified
BGD.3.17.5.1_1,Dhaka,Tangail,Ghatail,Anehola,ঢাকা,টাঙ্গাইল,ঘাটাইল,আনেহলা,Anehola,exact,,1.0,1.0,1.0,aneholaup.tangail.gov.bd,ghatail.tangail.gov.bd,www.tangail.gov.bd,www.dhakadiv.gov.bd,verified,verified,verified,verified
BGD.3.17.5.9_1,Dhaka,Tangail,Ghatail,Jamuria,ঢাকা,টাঙ্গাইল,ঘাটাইল,জামুরিয়া,Jamuria,exact,,1.0,1.0,1.0,jamuriaup.tangail.gov.bd,ghatail.tangail.gov.bd,www.tangail.gov.bd,www.dhakadiv.gov.bd,verified,verified,verified,verified
BGD.3.17.5.10_1,Dhaka,Tangail,Ghatail,LakherPara,ঢাকা,টাঙ্গাইল,ঘাটাইল,লোকেরপাড়া,Lokerpara,exact,,1.0,1.0,1.0,lokerparaup.tangail.gov.bd,ghatail.tangail.gov.bd,www.tangail.gov.bd,www.dhakadiv.gov.bd,verified,verified,verified,verified
