forecast_month,division,district,upazila,union,gid_union,erosion_ha,buildings_osm,accretion_ha,net_land_change_ha,households_est,persons_est,osm_completeness_assumed,osm_buildings_per_km2,osm_measured_km2,osm_mapping,division_bn,district_bn,upazila_bn,union_bn
2025-03,Rangpur,Kurigram,Bhurungamari,Shilkhuri,BGD.6.3.1.9_1,1735.7640297944888,3266,0.0,-1735.7640297944888,3266,14697,1.0,239.32714338566416,24.702588750967944,high,রংপুর,কুড়িগ্রাম,ভূরুঙ্গামারী,শিলখুড়ি
2025-03,Rangpur,Kurigram,Bhurungamari,PaikerChhara,BGD.6.3.1.7_1,1245.8765061873291,2621,0.0,-1245.8765061873291,2621,11794,1.0,249.6902966991383,23.00850323760229,high,রংপুর,কুড়িগ্রাম,ভূরুঙ্গামারী,পাইকেরছড়া
2025-03,Rangpur,Kurigram,Bhurungamari,Bhurungamari,BGD.6.3.1.3_1,1276.8624338314019,2571,0.0,-1276.8624338314019,2571,11570,1.0,440.25232641893894,26.78463983579015,high,রংপুর,কুড়িগ্রাম,ভূরুঙ্গামারী,ভূরুঙ্গামারী
2025-03,Rangpur,Kurigram,Bhurungamari,Pathardubi,BGD.6.3.1.8_1,1274.0759704991506,2253,0.0,-1274.0759704991506,2253,10138,1.0,248.77155109302,28.182482961560446,high,রংপুর,কুড়িগ্রাম,ভূরুঙ্গামারী,পাথরডুবি
2025-03,Rangpur,Kurigram,Bhurungamari,Bangasonahat,BGD.6.3.1.2_1,738.7124761159097,1592,1.44,-737.2724761159096,1592,7164,1.0,213.34607673009907,22.137740109348233,high,রংপুর,কুড়িগ্রাম,ভূরুঙ্গামারী,বঙ্গসোনাহাট
2025-03,Rangpur,Kurigram,Bhurungamari,CharBhurungamari,BGD.6.3.1.5_1,686.5016324869788,1095,0.0,-686.5016324869788,1095,4928,1.0,241.32495393671687,19.27276862226043,high,রংপুর,কুড়িগ্রাম,ভূরুঙ্গামারী,চর-ভূরুঙ্গামারী
2025-03,Rangpur,Kurigram,Bhurungamari,Tilai,BGD.6.3.1.10_1,709.0504534000796,1094,0.0,-709.0504534000796,1094,4923,1.0,239.67959599804698,12.441609756486317,high,রংপুর,কুড়িগ্রাম,ভূরুঙ্গামারী,তিলাই
2025-03,Rangpur,Kurigram,Nageshwari,Noonkhawa,BGD.6.3.5.11_1,476.1461467269037,404,1.44,-474.7061467269037,404,1818,1.0,155.98263098332322,36.70921540368294,high,রংপুর,কুড়িগ্রাম,নাগেশ্বরী,নুনখাওয়া
2025-03,Rangpur,Kurigram,CharRajibpur,Mohanganj,BGD.6.3.2.3_1,863.3606427267022,373,21.6,-841.7606427267021,373,1678,1.0,142.15202892412447,58.28267146592912,high,রংপুর,কুড়িগ্রাম,চর রাজিবপুর,মোহনগঞ্জ
2025-03,Rangpur,Kurigram,Nageshwari,BallabherKhas,BGD.6.3.5.1_1,383.73295225803366,355,0.0,-383.73295225803366,355,1598,1.0,158.50629212029142,32.781033046036576,high,রংপুর,কুড়িগ্রাম,নাগেশ্বরী,বল্লভেরখাস
2025-03,Rangpur,Kurigram,Bhurungamari,Joymanirhat,BGD.6.3.1.6_1,319.69597500497287,354,0.0,-319.69597500497287,354,1593,1.0,150.16679037703008,16.528288270451398,high,রংপুর,কুড়িগ্রাম,ভূরুঙ্গামারী,জয়মনিরহাট
2025-03,Rangpur,Kurigram,Ulipur,SaheberAlga,BGD.6.3.9.12_1,1713.5675518736123,291,20.799283915435016,-1692.7682679581771,291,1310,1.0,43.304966393199294,98.78774552453703,medium,রংপুর,কুড়িগ্রাম,উলিপুর,সাহেবের আলগা
2025-03,Rangpur,Kurigram,Nageshwari,Narayanpur,BGD.6.3.5.9_1,205.02772670804418,282,0.0,-205.02772670804418,282,1269,1.0,165.7686304868526,52.84473892480381,high,রংপুর,কুড়িগ্রাম,নাগেশ্বরী,নারায়নপুর
2025-03,Rangpur,Kurigram,KurigramSadar,Jatrapur,BGD.6.3.4.5_1,1653.3098763796456,232,8.940303053728236,-1644.3695733259174,232,1044,1.0,41.15451268389238,67.84189188304425,medium,রংপুর,কুড়িগ্রাম,কুড়িগ্রাম সদর,যাত্রাপুর
2025-03,Rangpur,Kurigram,Chilmari,Raniganj,BGD.6.3.3.5_1,334.3641181060999,217,2.88,-331.4841181060999,217,976,1.0,154.37499490718366,25.83967696580877,high,রংপুর,কুড়িগ্রাম,চিলমারী,রাণীগঞ্জ
2025-03,Rangpur,Gaibandha,GaibandhaSadar,Kamarjani,BGD.6.2.2.6_1,683.3980131667993,214,0.3009578054933177,-683.0970553613059,214,963,1.0,49.464519843771534,32.24533473765922,medium,রংপুর,গাইবান্ধা,গাইবান্ধা সদর,কামারজানি
2025-03,Rangpur,Kurigram,Chilmari,Nayerhat,BGD.6.3.3.3_1,966.9907777896392,209,23.04,-943.9507777896392,209,940,1.0,49.06029206432925,58.03063700205723,medium,রংপুর,কুড়িগ্রাম,চিলমারী,নয়ারহাট
2025-03,Rangpur,Kurigram,Raumari,Bandaber,BGD.6.3.8.1_1,507.53203373360486,192,22.355772832224844,-485.17626090138003,192,864,1.0,239.1288665940658,60.1182124298027,high,রংপুর,কুড়িগ্রাম,রৌমারী,বন্দবেড়
2025-03,Rangpur,Gaibandha,Fulchhari,Gazaria,BGD.6.2.1.4_1,475.076648178796,188,0.0,-475.076648178796,188,846,1.0,97.80797589319265,28.770659798469993,medium,রংপুর,গাইবান্ধা,ফুলছড়ি,গজারিয়া
2025-03,Rangpur,Gaibandha,Fulchhari,Fazlupur,BGD.6.2.1.2_1,1717.4209895406634,183,7.199999999999999,-1710.2209895406634,183,824,1.0,29.233960355201933,73.81825704692804,medium,রংপুর,গাইবান্ধা,ফুলছড়ি,ফজলুপুর
2025-03,Rangpur,Kurigram,Nageshwari,Bamandanga,BGD.6.3.5.2_1,139.47073798936378,171,0.0,-139.47073798936378,171,770,1.0,171.08134007353428,23.222871636920328,high,রংপুর,কুড়িগ্রাম,নাগেশ্বরী,বামনডাঙ্গা
2025-03,Rangpur,Kurigram,Bhurungamari,Boldia,BGD.6.3.1.4_1,83.93435955073906,167,0.0,-83.93435955073906,167,752,1.0,184.1209924947927,25.314875489451982,high,রংপুর,কুড়িগ্রাম,ভূরুঙ্গামারী,বলদিয়া
2025-03,Rangpur,Gaibandha,Fulchhari,Fulchhari,BGD.6.2.1.3_1,229.74821424645017,138,0.0,-229.74821424645017,138,621,1.0,70.07572202734157,49.91743072779441,medium,রংপুর,গাইবান্ধা,ফুলছড়ি,ফুলছড়ি
2025-03,Rangpur,Kurigram,KurigramSadar,Mogalbachha,BGD.6.3.4.7_1,144.10009966871996,126,2.88,-141.22009966871997,126,567,1.0,190.70992103233044,32.557299412584875,high,রংপুর,কুড়িগ্রাম,কুড়িগ্রাম সদর,মোগলবাসা
2025-03,Rangpur,Kurigram,Rajarhat,Gharialdanga,BGD.6.3.7.4_1,161.66154475986784,108,8.042510707996954,-153.61903405187087,108,486,1.0,216.84380508327155,25.00417292492107,high,রংপুর,কুড়িগ্রাম,রাজারহাট,ঘড়িয়ালডাঙ্গা
2025-03,Rangpur,Kurigram,Ulipur,Bazra,BGD.6.3.9.1_1,351.0221612314509,98,1.4011920720321487,-349.6209691594188,98,441,1.0,75.66327265498724,32.47282220005918,medium,রংপুর,কুড়িগ্রাম,উলিপুর,বজরা
2025-03,Rangpur,Kurigram,Nageshwari,Berubari,BGD.6.3.5.3_1,142.10553296613716,95,0.0,-142.10553296613716,95,428,1.0,140.0940664874234,19.793843304912127,high,রংপুর,কুড়িগ্রাম,নাগেশ্বরী,বেরুবাড়ী
2025-03,Rangpur,Kurigram,KurigramSadar,Ghogadaha,BGD.6.3.4.3_1,125.7389773335661,89,0.0,-125.7389773335661,89,400,1.0,268.86859138659605,26.02758456802356,high,রংপুর,কুড়িগ্রাম,কুড়িগ্রাম সদর,ঘোগাদহ
2025-03,Rangpur,Kurigram,Ulipur,Begumganj,BGD.6.3.9.2_1,1037.582506033728,82,19.885800411473877,-1017.6967056222541,82,369,1.0,38.00427519261743,49.75755991703109,medium,রংপুর,কুড়িগ্রাম,উলিপুর,বেগমগঞ্জ
2025-03,Rajshahi,Sirajganj,SirajganjSadar,Kaoakola,BGD.5.8.7.5_1,479.3019840410405,77,0.0,-479.3019840410405,77,346,1.0,46.38177930932233,30.033345437440325,medium,রাজশাহী,সিরাজগঞ্জ,সিরাজগঞ্জ সদর,কাওয়াখোলা
2025-03,Rangpur,Gaibandha,Saghatta,Sughatta,BGD.6.2.6.10_1,238.2673726581692,73,5.76,-232.5073726581692,73,328,1.0,93.72565868094316,24.401002160841642,medium,রংপুর,গাইবান্ধা,সাঘাটা,সাঘাটা
2025-03,Rajshahi,Sirajganj,Tarash,Tarash,BGD.5.8.8.8_1,75.38853132006805,69,135.68102942449235,60.2924981044243,69,310,1.0,115.59516398093598,28.383540340330367,high,রাজশাহী,সিরাজগঞ্জ,তাড়াশ,তাড়াশ সদর
2025-03,Rangpur,Kurigram,Chilmari,AshtamirChar,BGD.6.3.3.1_1,909.5296839953398,56,18.72,-890.8096839953398,56,252,1.0,56.20686220489244,75.13317474663113,medium,রংপুর,কুড়িগ্রাম,চিলমারী,অষ্টমীর চর
2025-03,Rangpur,Kurigram,Chilmari,Chilmari,BGD.6.3.3.2_1,309.9553336538837,56,0.0,-309.9553336538837,56,252,1.0,56.161444146352636,26.797743948287362,medium,রংপুর,কুড়িগ্রাম,চিলমারী,চিলমারী
2025-03,Rangpur,Kurigram,KurigramSadar,Holokhana,BGD.6.3.4.4_1,185.89109993401195,56,7.785740378553661,-178.10535955545828,56,252,1.0,179.699872205961,38.30275400591898,high,রংপুর,কুড়িগ্রাম,কুড়িগ্রাম সদর,হলোখানা
2025-03,Rangpur,Kurigram,Rajarhat,Chhinai,BGD.6.3.7.3_1,26.54890513202571,55,0.35743610935935816,-26.19146902266635,55,248,1.0,170.82052269450864,24.59306372404075,high,রংপুর,কুড়িগ্রাম,রাজারহাট,ছিনাই
2025-03,Rangpur,Kurigram,Nageshwari,Kaliganj,BGD.6.3.5.7_1,270.29556512384477,52,0.0,-270.29556512384477,52,234,1.0,177.89133639359673,24.26200222843093,high,রংপুর,কুড়িগ্রাম,নাগেশ্বরী,কালীগঞ্জ
2025-03,Rangpur,Lalmonirhat,LalmonirhatSadar,Barabari,BGD.6.4.4.1_1,6.600241336940296,51,0.0,-6.600241336940296,51,230,1.0,120.03601643212122,21.310270667358537,high,রংপুর,লালমনিরহাট,লালমনিরহাট সদর,বড়বাড়ী
2025-03,Rangpur,Gaibandha,Sundarganj,Kapasia,BGD.6.2.7.9_1,1361.3382685528045,50,5.76,-1355.5782685528045,50,225,1.0,28.83397286434502,65.02745940773748,medium,রংপুর,গাইবান্ধা,সুন্দরগঞ্জ,কাপাসিয়া
2025-03,Rangpur,Kurigram,Chilmari,Thanahat,BGD.6.3.3.6_1,69.06330317387386,47,0.0,-69.06330317387386,47,212,1.0,265.3992436251338,25.89683341263718,high,রংপুর,কুড়িগ্রাম,চিলমারী,থানাহাট
2025-03,Rangpur,Gaibandha,Fulchhari,Uria,BGD.6.2.1.7_1,400.39603228189924,43,5.76,-394.63603228189925,43,194,1.0,72.52084111903433,24.25509650546952,medium,রংপুর,গাইবান্ধা,ফুলছড়ি,উড়িয়া
2025-03,Rajshahi,Bogra,Sariakandi,Kamalpur,BGD.5.1.8.7_1,109.02210586190189,42,0.0,-109.02210586190189,42,189,1.0,177.84518107522368,21.70989383382225,high,রাজশাহী,বগুড়া,সারিয়াকান্দি,কামালপুর
2025-03,Rangpur,Kurigram,Nageshwari,Kachakata,BGD.6.3.5.6_1,252.05563490243404,40,0.0,-252.05563490243404,40,180,1.0,171.73299827639448,25.982193549190036,high,রংপুর,কুড়িগ্রাম,নাগেশ্বরী,কঁচাকাঁটা
2025-03,Rangpur,Kurigram,Bhurungamari,AndhariJhar,BGD.6.3.1.1_1,120.64304907646111,40,0.0,-120.64304907646111,40,180,1.0,145.43924198227066,27.901685574617325,high,রংপুর,কুড়িগ্রাম,ভূরুঙ্গামারী,আন্ধারীরঝাড়
2025-03,Rangpur,Kurigram,KurigramSadar,Punchgachhi,BGD.6.3.4.9_1,120.56714267592749,40,8.639999999999999,-111.92714267592748,40,180,1.0,171.39117886402843,24.06191513083492,high,রংপুর,কুড়িগ্রাম,কুড়িগ্রাম সদর,পাঁচগাছি
2025-03,Rangpur,Kurigram,Ulipur,Thetroy,BGD.6.3.9.14_1,298.0652657343357,37,1.8171657081178854,-296.2481000262178,37,166,1.0,122.9395139286461,27.314244970489945,high,রংপুর,কুড়িগ্রাম,উলিপুর,থেতরাই
2025-03,Rangpur,Kurigram,Nageshwari,Royganj,BGD.6.3.5.14_1,81.9001586699149,35,1.44,-80.4601586699149,35,158,1.0,100.07440549399504,24.41183625264296,high,রংপুর,কুড়িগ্রাম,নাগেশ্বরী,রায়গঞ্জ
2025-03,Rangpur,Gaibandha,Sundarganj,Haripur,BGD.6.2.7.7_1,277.5121678394743,34,1.44,-276.0721678394743,34,153,1.0,70.57973676945267,34.11744092877089,medium,রংপুর,গাইবান্ধা,সুন্দরগঞ্জ,হরিপুর
2025-03,Rangpur,Kurigram,Phulbari,BaraBhita,BGD.6.3.6.1_1,99.92903590483701,34,28.215843623695573,-71.71319228114143,34,153,1.0,171.96021711548633,33.73454684640297,high,রংপুর,কুড়িগ্রাম,ফুলবাড়ী,বড়ভিটা
2025-03,Rangpur,Gaibandha,Saghatta,Haldia,BGD.6.2.6.4_1,1147.0984012942931,33,10.08,-1137.0184012942932,33,148,1.0,3.795928871960066,46.36546308864861,low,রংপুর,গাইবান্ধা,সাঘাটা,হলদিয়া
2025-03,Rangpur,Kurigram,Raumari,Dantbhanga,BGD.6.3.8.2_1,71.62244571391284,32,2.88,-68.74244571391284,32,144,1.0,254.6909228097189,44.49707070427065,high,রংপুর,কুড়িগ্রাম,রৌমারী,দাঁতভাঙ্গা
2025-03,Rangpur,Lalmonirhat,LalmonirhatSadar,Rajpur,BGD.6.4.4.10_1,255.4670714268591,30,30.240000000000002,-225.22707142685908,30,135,1.0,121.5415522200006,27.636638981867886,high,রংপুর,লালমনিরহাট,লালমনিরহাট সদর,রাজপুর
2025-03,Rangpur,Kurigram,Phulbari,Shimulbari,BGD.6.3.6.6_1,54.47111541497754,30,1.44,-53.03111541497754,30,135,1.0,159.86124493222243,20.223788457113038,high,রংপুর,কুড়িগ্রাম,ফুলবাড়ী,শিমুলবাড়ী
2025-03,Rajshahi,Sirajganj,SirajganjSadar,SirajganjPaurashava,BGD.5.8.7.11_1,87.34896670777607,26,2.88,-84.46896670777608,26,117,1.0,293.8694503652781,18.899548738721933,high,রাজশাহী,সিরাজগঞ্জ,সিরাজগঞ্জ সদর,সিরাজগঞ্জ পৌরসভা
2025-03,Rangpur,Rangpur,Pirgachha,Chhaola,BGD.6.7.5.2_1,22.955261023090184,26,0.0,-22.955261023090184,26,117,1.0,239.23061054012192,37.227677427618964,high,রংপুর,রংপুর,পীরগাছা,ছাওলা
2025-03,Rangpur,Kurigram,Ulipur,Daldalia,BGD.6.3.9.4_1,152.78375094375625,25,0.0,-152.78375094375625,25,112,1.0,181.44583510735592,22.287643018134254,high,রংপুর,কুড়িগ্রাম,উলিপুর,দলদলিয়া
2025-03,Rangpur,Kurigram,Nageshwari,Kedar,BGD.6.3.5.8_1,90.03764821083433,25,0.0,-90.03764821083433,25,112,1.0,153.3933915939731,25.235767719683782,high,রংপুর,কুড়িগ্রাম,নাগেশ্বরী,কেদার
2025-03,Rangpur,Kurigram,Ulipur,Gunaigachh,BGD.6.3.9.8_1,87.05551236104779,25,1.44,-85.61551236104779,25,112,1.0,125.78748233433286,31.036474596283647,high,রংপুর,কুড়িগ্রাম,উলিপুর,গুনাইগাছ
2025-03,Rangpur,Lalmonirhat,LalmonirhatSadar,Mogalhat,BGD.6.4.4.7_1,62.4869304083315,24,7.6828718645107,-54.8040585438208,24,108,1.0,66.54707883548899,32.848924975414924,medium,রংপুর,লালমনিরহাট,লালমনিরহাট সদর,মোগলহাট
2025-03,Rangpur,Gaibandha,GaibandhaSadar,Malibari,BGD.6.2.2.10_1,5.606325772310761,24,0.0,-5.606325772310761,24,108,1.0,149.6778705475168,21.472780099311223,high,রংপুর,গাইবান্ধা,গাইবান্ধা সদর,মালীবাড়ী
2025-03,Rangpur,Gaibandha,Sundarganj,Sreepur,BGD.6.2.7.14_1,214.09531171051248,23,1.44,-212.65531171051248,23,104,1.0,142.97848929118584,30.123412419252023,high,রংপুর,গাইবান্ধা,সুন্দরগঞ্জ,শ্রীপুর
2025-03,Rangpur,Gaibandha,Sundarganj,Sonaroy,BGD.6.2.7.13_1,65.22490209828956,22,1.44,-63.784902098289564,22,99,1.0,168.07884801218228,20.359492229218368,high,রংপুর,গাইবান্ধা,সুন্দরগঞ্জ,সোনারায়
2025-03,Rangpur,Kurigram,Ulipur,Buraburi,BGD.6.3.9.3_1,428.93396787794615,21,5.3949156730911065,-423.539052204855,21,94,1.0,80.74001238512629,39.05126970950078,medium,রংপুর,কুড়িগ্রাম,উলিপুর,বুড়াবুড়ী
2025-03,Mymensingh,Jamalpur,Madarganj,CharPakerdaha,BGD.8.5.5.3_1,28.141195034916514,21,12.96,-15.181195034916513,21,94,1.0,44.20121559429015,32.41992286259912,medium,ময়মনসিংহ,জামালপুর,মাদারগঞ্জ,চর পাকেরদহ
2025-03,Rangpur,Kurigram,Chilmari,Ramna,BGD.6.3.3.4_1,291.0730510841796,18,4.32,-286.7530510841796,18,81,1.0,275.0162005367475,20.882406159315057,high,রংপুর,কুড়িগ্রাম,চিলমারী,রমনা
2025-03,Mymensingh,Jamalpur,Dewanganj,Dangdhara,BGD.8.5.2.5_1,17.223732424547418,18,14.399999999999999,-2.823732424547419,18,81,1.0,122.62521226483865,34.83786018468688,high,ময়মনসিংহ,জামালপুর,দেওয়ানগঞ্জ,ডাংধরা
2025-03,Rajshahi,Bogra,Sariakandi,ChandanBaisha,BGD.5.1.8.4_1,225.2687645479262,17,0.0,-225.2687645479262,17,76,1.0,59.177034913692815,12.961109003156999,medium,রাজশাহী,বগুড়া,সারিয়াকান্দি,চন্দনবাইশা
2025-03,Rangpur,Kurigram,Phulbari,Naodanga,BGD.6.3.6.4_1,36.58112504731406,17,5.76,-30.821125047314062,17,76,1.0,168.96969774458785,24.341642643032667,high,রংপুর,কুড়িগ্রাম,ফুলবাড়ী,নাওডাঙ্গা
2025-03,Rangpur,Gaibandha,GaibandhaSadar,MollarChar,BGD.6.2.2.11_1,584.4951140161297,16,1.1390421945066824,-583.356071821623,16,72,1.0,8.083763803873197,28.452093057172135,low,রংপুর,গাইবান্ধা,গাইবান্ধা সদর,মোল্লারচর
2025-03,Mymensingh,Jamalpur,Islampur,Noarpara,BGD.8.5.3.10_1,328.5060013255867,16,7.199999999999999,-321.3060013255867,16,72,1.0,18.242686350266105,38.26190872320832,medium,ময়মনসিংহ,জামালপুর,ইসলামপুর,নোয়ারপাড়া
2025-03,Rangpur,Kurigram,CharRajibpur,Kodailkati,BGD.6.3.2.2_1,194.18232120432097,15,0.0,-194.18232120432097,15,68,1.0,117.13105162675292,26.209958481229986,high,রংপুর,কুড়িগ্রাম,চর রাজিবপুর,কোদালকাটি
2025-03,Rangpur,Kurigram,KurigramSadar,Bhogdanga,BGD.6.3.4.2_1,90.14432653243269,13,4.32,-85.82432653243268,13,58,1.0,316.0678295949996,34.967177818007364,high,রংপুর,কুড়িগ্রাম,কুড়িগ্রাম সদর,ভোগডাঙ্গা
2025-03,Rajshahi,Sirajganj,SirajganjSadar,KaliaHaripur,BGD.5.8.7.4_1,143.07820185785243,11,0.0,-143.07820185785243,11,50,1.0,186.57965070939593,32.10961097430278,high,রাজশাহী,সিরাজগঞ্জ,সিরাজগঞ্জ সদর,কালিয়াহরিপুর
2025-03,Mymensingh,Jamalpur,JamalpurSadar,Meshta,BGD.8.5.4.8_1,142.69052926647635,10,1.44,-141.25052926647635,10,45,1.0,367.6539222933236,26.514065018522498,high,ময়মনসিংহ,জামালপুর,জামালপুর সদর,মেষ্টা
2025-03,Rangpur,Lalmonirhat,LalmonirhatSadar,Paurashava,BGD.6.4.4.9_1,85.6684628699161,9,0.0,-85.6684628699161,9,40,1.0,341.57395490545565,17.864359715859994,high,রংপুর,লালমনিরহাট,লালমনিরহাট সদর,পৌরসভা
2025-03,Rangpur,Kurigram,Rajarhat,Rajarhat,BGD.6.3.7.7_1,57.6,9,2.037489292003046,-55.56251070799696,9,40,1.0,177.04175062950287,29.925144668769008,high,রংপুর,কুড়িগ্রাম,রাজারহাট,রাজারহাট
2025-03,Rangpur,Gaibandha,Sundarganj,Chandipur,BGD.6.2.7.3_1,171.5571742247388,8,1.44,-170.1171742247388,8,36,1.0,144.70809199092858,21.802512607227104,high,রংপুর,গাইবান্ধা,সুন্দরগঞ্জ,চন্ডিপুর
2025-03,Rangpur,Rangpur,MithaPukur,Emadpur,BGD.6.7.4.8_1,37.44,7,2.88,-34.559999999999995,7,32,1.0,148.51598394245448,38.42684032050916,high,রংপুর,রংপুর,মিঠাপুকুর,ইমাদপুর
2025-03,Rajshahi,Sirajganj,Tarash,Baruhas,BGD.5.8.8.1_1,143.76087498569075,6,24.108438514142037,-119.65243647154871,6,27,1.0,34.960820240614424,40.50248221450523,medium,রাজশাহী,সিরাজগঞ্জ,তাড়াশ,বারুহাস
2025-03,Rajshahi,Bogra,Dhunat,Chikashi,BGD.5.1.3.3_1,45.497942131034876,6,7.2,-38.29794213103487,6,27,1.0,36.03234509746987,26.28194188966337,medium,রাজশাহী,বগুড়া,ধুনট,চিকাশী
2025-03,Rangpur,Rangpur,Pirgachha,Pirgachha,BGD.6.7.5.8_1,44.728805465885685,6,0.0,-44.728805465885685,6,27,1.0,227.9664302118264,18.143022181629238,high,রংপুর,রংপুর,পীরগাছা,পীরগাছা
2025-03,Rajshahi,Bogra,Gabtali,Gabtali,BGD.5.1.5.4_1,17.586197105075172,6,2.9391760232644155,-14.647021081810756,6,27,1.0,324.73858874997217,15.53865224155758,high,রাজশাহী,বগুড়া,গাবতলী,গাবতলি
2025-03,Rajshahi,Bogra,Dhunat,Bhandarbari,BGD.5.1.3.1_1,391.14825356157684,5,0.0,-391.14825356157684,5,22,1.0,3.69260855392514,23.56058020488563,low,রাজশাহী,বগুড়া,ধুনট,ভান্ডারবাড়ী
2025-03,Mymensingh,Jamalpur,Islampur,Kulkandi,BGD.8.5.3.9_1,310.8432298211309,5,0.0,-310.8432298211309,5,22,1.0,9.606216163074597,28.31499889056658,low,ময়মনসিংহ,জামালপুর,ইসলামপুর,কুলকান্দি
2025-03,Rangpur,Kurigram,Rajarhat,Bidyananda,BGD.6.3.7.1_1,175.9451849886721,5,2.88,-173.06518498867212,5,22,1.0,131.88056301590626,21.37540161744682,high,রংপুর,কুড়িগ্রাম,রাজারহাট,বিদ্যানন্দ
2025-03,Mymensingh,Jamalpur,Islampur,Patharsi,BGD.8.5.3.12_1,87.4216160120492,5,0.0,-87.4216160120492,5,22,1.0,19.408421987969025,21.485518001334253,medium,ময়মনসিংহ,জামালপুর,ইসলামপুর,পাথশী
2025-03,Rangpur,Rangpur,Pirgachha,Kandi,BGD.6.7.5.6_1,23.014337635393574,5,0.0,-23.014337635393574,5,22,1.0,175.7249532788927,23.80993661930063,high,রংপুর,রংপুর,পীরগাছা,কান্দি
2025-03,Rangpur,Rangpur,Pirgachha,Kaikuri,BGD.6.7.5.4_1,18.1330019251497,5,0.0,-18.1330019251497,5,22,1.0,169.26567653741247,25.533824035759054,high,রংপুর,রংপুর,পীরগাছা,কৈকুড়ী
2025-03,Rangpur,Gaibandha,Sundarganj,Sarbananda,BGD.6.2.7.11_1,6.687525170090731,5,0.0,-6.687525170090731,5,22,1.0,176.20712338704828,24.919537392111756,high,রংপুর,গাইবান্ধা,সুন্দরগঞ্জ,সর্বানন্দ
2025-03,Rangpur,Kurigram,Ulipur,Hatia,BGD.6.3.9.9_1,291.9490616572983,4,1.44,-290.5090616572983,4,18,1.0,101.13890399565119,31.006861614150406,high,রংপুর,কুড়িগ্রাম,উলিপুর,হাতিয়া
2025-03,Rangpur,Kurigram,Nageshwari,Santoshpur,BGD.6.3.5.15_1,67.68,4,0.0,-67.68,4,18,1.0,153.3951220040785,29.883609987794266,high,রংপুর,কুড়িগ্রাম,নাগেশ্বরী,সন্তোষপুর
2025-03,Rangpur,Rangpur,Pirganj,Panchgachha,BGD.6.7.6.10_1,30.240000000000002,3,2.88,-27.360000000000003,3,14,1.0,139.52456996505992,26.04559183310893,high,রংপুর,রংপুর,পীরগঞ্জ,পাঁচগাছী
2025-03,Dhaka,Tangail,Bhuapur,Gabsara,BGD.3.17.2.5_1,1059.3844398935325,2,0.0,-1059.3844398935325,2,9,1.0,6.363113694486734,76.69201328632921,low,ঢাকা,টাঙ্গাইল,ভূঞাপুর,গাবসারা
2025-03,Mymensingh,Jamalpur,Melandaha,Durmut,BGD.8.5.6.3_1,44.21887400357802,2,0.0,-44.21887400357802,2,9,1.0,6.206797943037483,17.400276437410007,low,ময়মনসিংহ,জামালপুর,মেলান্দহ,দুরমুট
2025-03,Mymensingh,Jamalpur,Dewanganj,CharAomkhaoa,BGD.8.5.2.2_1,40.62286314033142,2,60.37566333980593,19.752800199474514,2,9,1.0,26.759678557996267,35.72539176537792,medium,ময়মনসিংহ,জামালপুর,দেওয়ানগঞ্জ,চর আমখাওয়া
2025-03,Mymensingh,Jamalpur,Melandaha,Mahmudpur,BGD.8.5.6.8_1,23.477065661792178,2,0.0,-23.477065661792178,2,9,1.0,11.083941023838545,34.01317267830778,medium,ময়মনসিংহ,জামালপুর,মেলান্দহ,মাহমুদপুর
2025-03,Rangpur,Kurigram,Rajarhat,Nazimkhan,BGD.6.3.7.5_1,11.093028408091449,2,0.0,-11.093028408091449,2,9,1.0,192.8495080070944,17.827372418671274,high,রংপুর,কুড়িগ্রাম,রাজারহাট,নাজিমখাঁন
2025-03,Rangpur,Rangpur,Pirgachha,Tambulpur,BGD.6.7.5.9_1,8.463748680202771,2,5.76,-2.7037486802027715,2,9,1.0,197.76507520076683,35.20338458614256,high,রংপুর,রংপুর,পীরগাছা,তাম্বুলপুর
2025-03,Rajshahi,Bogra,Sariakandi,Chaluabari,BGD.5.1.8.3_1,1587.9908950259432,1,25.92,-1562.0708950259432,1,4,1.0,0.016003919807278274,62.4846920030941,low,রাজশাহী,বগুড়া,সারিয়াকান্দি,চালুয়াবাড়ী
2025-03,Mymensingh,Jamalpur,Islampur,Belgachha,BGD.8.5.3.1_1,609.3737219359799,1,0.0,-609.3737219359799,1,4,1.0,3.1548696896596655,36.76855509443042,low,ময়মনসিংহ,জামালপুর,ইসলামপুর,বেলগাছা
2025-03,Mymensingh,Jamalpur,Sarishabari,Pingna,BGD.8.5.7.6_1,415.8433545653292,1,0.0,-415.8433545653292,1,4,1.0,1.9095936776960032,37.18068447192608,low,ময়মনসিংহ,জামালপুর,সরিষাবাড়ী,পিংনা
2025-03,Rajshahi,Sirajganj,Kazipur,Nishchintapur,BGD.5.8.4.10_1,355.2541400127477,1,8.64,-346.6141400127477,1,4,1.0,0.033543641695545766,29.81190918613912,low,রাজশাহী,সিরাজগঞ্জ,কাজীপুর,নিশ্চিন্তপুর
2025-03,Mymensingh,Jamalpur,Islampur,Chinadulli,BGD.8.5.3.4_1,253.8015573041425,1,1.44,-252.3615573041425,1,4,1.0,8.821120033901904,24.14659353703209,low,ময়মনসিংহ,জামালপুর,ইসলামপুর,চিনাডুলী
2025-03,Rangpur,Lalmonirhat,LalmonirhatSadar,Gokunda,BGD.6.4.4.2_1,120.24503788729726,1,0.0,-120.24503788729726,1,4,1.0,168.83100419639487,26.565025904737052,high,রংপুর,লালমনিরহাট,লালমনিরহাট সদর,গোকুন্ডা
2025-03,Rangpur,Lalmonirhat,LalmonirhatSadar,Khuniagachh,BGD.6.4.4.4_1,118.65731740427105,1,2.88,-115.77731740427106,1,4,1.0,144.32015793063647,27.09254241447847,high,রংপুর,লালমনিরহাট,লালমনিরহাট সদর,খুনিয়াগাছ
2025-03,Rangpur,Kurigram,KurigramSadar,Paurashava,BGD.6.3.4.8_1,37.10916503952948,1,0.0,-37.10916503952948,1,4,1.0,961.9041121290084,9.550848035846489,high,রংপুর,কুড়িগ্রাম,কুড়িগ্রাম সদর,পৌরসভা
2025-03,Mymensingh,Jamalpur,Melandaha,Kulia,BGD.8.5.6.7_1,34.59669085284571,1,0.0,-34.59669085284571,1,4,1.0,0.9741691737649995,21.55683074926149,low,ময়মনসিংহ,জামালপুর,মেলান্দহ,কুলিয়া
2025-03,Rangpur,Gaibandha,Sadullapur,Naldanga,BGD.6.2.5.10_1,30.240000000000002,1,0.0,-30.240000000000002,1,4,1.0,176.68462827143023,20.73185446768322,high,রংপুর,গাইবান্ধা,সাদুল্লাপুর,নলডাংগা
2025-03,Rangpur,Gaibandha,Sadullapur,Jamalpur,BGD.6.2.5.7_1,21.26432166633638,1,0.0,-21.26432166633638,1,4,1.0,114.29408318075589,22.932070734185714,high,রংপুর,গাইবান্ধা,সাদুল্লাপুর,জামালপুর
2025-03,Rangpur,Kurigram,Ulipur,Paurashava,BGD.6.3.9.11_1,1.44,1,3.9428342918821144,2.5028342918821145,1,4,1.0,126.27497423387139,20.415763421383378,high,রংপুর,কুড়িগ্রাম,উলিপুর,পৌরসভা
2025-03,Rajshahi,Bogra,Sherpur,Bishalpur,BGD.5.1.10.2_1,1337.233332820434,0,8.64,-1328.593332820434,0,0,1.0,2.469560045533645,54.26067701506082,low,রাজশাহী,বগুড়া,শেরপুর,বিশালপুর
2025-03,Rangpur,Gaibandha,Fulchhari,Erendabari,BGD.6.2.1.1_1,1284.067099934023,0,11.718303723620949,-1272.348796210402,0,0,1.0,12.523558051141688,89.8307010999515,medium,রংপুর,গাইবান্ধা,ফুলছড়ি,এরেন্ডাবাড়ী
2025-03,Rajshahi,Bogra,Sariakandi,Kazla,BGD.5.1.8.9_1,1211.5407594236528,0,0.0,-1211.5407594236528,0,0,1.0,55.682291485473954,67.49003856962969,medium,রাজশাহী,বগুড়া,সারিয়াকান্দি,কাজলা
2025-03,Rajshahi,Sirajganj,SirajganjSadar,Mechhra,BGD.5.8.7.7_1,777.4702487621296,0,0.0,-777.4702487621296,0,0,1.0,7.2233458404570925,51.91500009589324,low,রাজশাহী,সিরাজগঞ্জ,সিরাজগঞ্জ সদর,মেছড়া
2025-03,Rajshahi,Bogra,Sariakandi,Karnibari,BGD.5.1.8.8_1,733.4795239697727,0,2.88,-730.5995239697727,0,0,1.0,17.24573697680024,56.12981348968722,medium,রাজশাহী,বগুড়া,সারিয়াকান্দি,কর্ণিবাড়ী
2025-03,Rajshahi,Sirajganj,Kazipur,KhasRajbari,BGD.5.8.4.6_1,688.0212297756278,0,1.44,-686.5812297756278,0,0,1.0,0.0,36.87210031478731,low,রাজশাহী,সিরাজগঞ্জ,কাজীপুর,খাসরাজবাড়ী
2025-03,Rajshahi,Sirajganj,Tarash,Talam,BGD.5.8.8.7_1,683.4437247981339,0,0.0,-683.4437247981339,0,0,1.0,0.025342228155108695,39.459829415134195,low,রাজশাহী,সিরাজগঞ্জ,তাড়াশ,তালম
2025-03,Rajshahi,Sirajganj,Kazipur,Subhagachha,BGD.5.8.4.12_1,667.3777091585141,0,1.5565671535825958,-665.8211420049315,0,0,1.0,1.1244988945488401,31.124975017465303,low,রাজশাহী,সিরাজগঞ্জ,কাজীপুর,শুভগাছা
2025-03,Rajshahi,Bogra,Sherpur,Bhabanipur,BGD.5.1.10.1_1,548.7812982568089,0,0.0,-548.7812982568089,0,0,1.0,0.5729214174770465,36.6542415057146,low,রাজশাহী,বগুড়া,শেরপুর,ভবানীপুর
2025-03,Mymensingh,Jamalpur,Dewanganj,Chikajani,BGD.8.5.2.3_1,529.2698675383543,0,4.32,-524.9498675383543,0,0,1.0,3.1895134798802323,34.80154597251243,low,ময়মনসিংহ,জামালপুর,দেওয়ানগঞ্জ,চিকাজানী
2025-03,Dhaka,Tangail,Bhuapur,Arjuna,BGD.3.17.2.1_1,527.0799028871893,0,0.0,-527.0799028871893,0,0,1.0,4.6881708710248065,41.38074428963652,low,ঢাকা,টাঙ্গাইল,ভূঞাপুর,অর্জুনা
2025-03,Rajshahi,Sirajganj,Kazipur,NatuarPara,BGD.5.8.4.9_1,524.957250445073,0,2.88,-522.077250445073,0,0,1.0,0.0,30.038571006118545,low,রাজশাহী,সিরাজগঞ্জ,কাজীপুর,নাটুয়ারপাড়া
2025-03,Rajshahi,Sirajganj,Kazipur,Kazipur,BGD.5.8.4.4_1,450.2708006215262,0,0.0,-450.2708006215262,0,0,1.0,0.0,22.980084099134547,low,রাজশাহী,সিরাজগঞ্জ,কাজীপুর,কাজিপুর সদর
2025-03,Rajshahi,Sirajganj,Tarash,Deshigram,BGD.5.8.8.2_1,427.5778289988782,0,5.873919889737366,-421.70390910914085,0,0,1.0,0.0,36.32010617574774,low,রাজশাহী,সিরাজগঞ্জ,তাড়াশ,দেশীগ্রাম
2025-03,Rajshahi,Sirajganj,Kazipur,Tekani,BGD.5.8.4.13_1,388.1131760931749,0,0.0,-388.1131760931749,0,0,1.0,0.0,40.3203095047395,low,রাজশাহী,সিরাজগঞ্জ,কাজীপুর,তেকানী
2025-03,Mymensingh,Jamalpur,Dewanganj,Chukaibari,BGD.8.5.2.4_1,338.8244722995116,0,7.199999999999999,-331.62447229951164,0,0,1.0,9.002728986326531,28.546899544608657,low,ময়মনসিংহ,জামালপুর,দেওয়ানগঞ্জ,চুকাইবাড়ী
2025-03,Rajshahi,Bogra,Sariakandi,Bohail,BGD.5.1.8.2_1,330.90643227092556,0,5.76,-325.1464322709256,0,0,1.0,8.779974641559166,59.68126576581399,low,রাজশাহী,বগুড়া,সারিয়াকান্দি,বোহাইল
2025-03,Dhaka,Tangail,Bhuapur,Nikrail,BGD.3.17.2.7_1,320.10202224558105,0,1.44,-318.66202224558106,0,0,1.0,2.964327666382947,40.481354797873344,low,ঢাকা,টাঙ্গাইল,ভূঞাপুর,নিকরাইল
2025-03,Rajshahi,Sirajganj,Kazipur,Maijbari,BGD.5.8.4.7_1,319.8531006248787,0,0.0,-319.8531006248787,0,0,1.0,0.0,18.185494829900968,low,রাজশাহী,সিরাজগঞ্জ,কাজীপুর,মাইজবাড়ী
2025-03,Rajshahi,Bogra,Sariakandi,HatSherpur,BGD.5.1.8.6_1,282.30694096381745,0,2.88,-279.42694096381746,0,0,1.0,0.036261484724135755,27.577469803226148,low,রাজশাহী,বগুড়া,সারিয়াকান্দি,হাটশেরপুর
2025-03,Rajshahi,Sirajganj,Kazipur,CharGirish,BGD.5.8.4.2_1,276.50321531187683,0,0.0,-276.50321531187683,0,0,1.0,0.02491913018630093,40.12981161556518,low,রাজশাহী,সিরাজগঞ্জ,কাজীপুর,চরগিরিশ
2025-03,Rajshahi,Bogra,Sariakandi,Sariakandi,BGD.5.1.8.12_1,254.65819080932306,0,0.0,-254.65819080932306,0,0,1.0,11.192030713944945,19.746193130496007,medium,রাজশাহী,বগুড়া,সারিয়াকান্দি,সারিয়াকান্দি সদর
2025-03,Rajshahi,Sirajganj,Tarash,Madhainagar,BGD.5.8.8.3_1,247.004751099383,0,17.36348784674937,-229.64126325263362,0,0,1.0,2.947667962546438,33.92512361318056,low,রাজশাহী,সিরাজগঞ্জ,তাড়াশ,মাধাইনগর
2025-03,Mymensingh,Jamalpur,Sarishabari,Mahadan,BGD.8.5.7.5_1,243.36,0,0.0,-243.36,0,0,1.0,7.781220225556019,28.78725874693949,low,ময়মনসিংহ,জামালপুর,সরিষাবাড়ী,মহাদান
2025-03,Rangpur,Gaibandha,Fulchhari,KanchiPara,BGD.6.2.1.5_1,238.80414481451024,0,6.901250655751216,-231.902894158759,0,0,1.0,78.7041017775581,27.33021470824208,medium,রংপুর,গাইবান্ধা,ফুলছড়ি,কঞ্চিপাড়া
2025-03,Rajshahi,Sirajganj,SirajganjSadar,Chhangachha,BGD.5.8.7.3_1,219.82573275673906,0,14.4,-205.42573275673905,0,0,1.0,1.453803316386117,26.138336301543795,low,রাজশাহী,সিরাজগঞ্জ,সিরাজগঞ্জ সদর,ছোনগাছা
2025-03,Rajshahi,Bogra,Sariakandi,Kutubpur,BGD.5.1.8.10_1,189.13723676533266,0,0.0,-189.13723676533266,0,0,1.0,32.06390181590829,19.835390079832795,medium,রাজশাহী,বগুড়া,সারিয়াকান্দি,কুতুবপুর
2025-03,Mymensingh,Jamalpur,Islampur,Sapdhari,BGD.8.5.3.13_1,182.96596868633384,0,4.32,-178.64596868633384,0,0,1.0,4.471899039061527,38.23878815383231,low,ময়মনসিংহ,জামালপুর,ইসলামপুর,সাপধরী
2025-03,Rajshahi,Bogra,Sonatola,TekaniChukainagar,BGD.5.1.12.8_1,146.94906554410687,0,0.0,-146.94906554410687,0,0,1.0,0.0,16.288746168397605,low,রাজশাহী,বগুড়া,সোনাতলা,তেকানী চুকাইনগর
2025-03,Rajshahi,Bogra,Sherpur,Mirzapur,BGD.5.1.10.7_1,136.0630114896542,0,1.44,-134.6230114896542,0,0,1.0,8.103018419455298,23.07781993325032,low,রাজশাহী,বগুড়া,শেরপুর,মির্জাপুর
2025-03,Mymensingh,Jamalpur,Bakshiganj,Battajore,BGD.8.5.1.3_1,124.25040569021458,0,0.0,-124.25040569021458,0,0,1.0,0.6236656562199229,25.65477165598153,low,ময়মনসিংহ,জামালপুর,বকশীগঞ্জ,বাট্রাজোড়
2025-03,Mymensingh,Jamalpur,Sarishabari,Pogaldigha,BGD.8.5.7.7_1,123.69989537686295,0,4.9282931955118485,-118.77160218135111,0,0,1.0,2.518477269947119,38.912402017453076,low,ময়মনসিংহ,জামালপুর,সরিষাবাড়ী,পোগলদিঘা
2025-03,Rajshahi,Sirajganj,Royganj,Dhubil,BGD.5.8.5.5_1,120.07688723286157,0,52.297578621169,-67.77930861169256,0,0,1.0,0.0,27.26598375518216,low,রাজশাহী,সিরাজগঞ্জ,রায়গঞ্জ,ধুবিল
2025-03,Rajshahi,Bogra,Sherpur,Shah-Bandegi,BGD.5.1.10.8_1,119.65326439556532,0,0.0,-119.65326439556532,0,0,1.0,6.353732270625112,16.21094431003879,low,রাজশাহী,বগুড়া,শেরপুর,শাহবন্দেগী
2025-03,Rangpur,Gaibandha,Sadullapur,Bhatgram,BGD.6.2.5.2_1,119.49632666382986,0,0.0,-119.49632666382986,0,0,1.0,3.510904405975248,17.944094374309817,low,রংপুর,গাইবান্ধা,সাদুল্লাপুর,ভাতগ্রাম
2025-03,Mymensingh,Sherpur,Sreebardi,RaniShimul,BGD.8.16.5.7_1,110.59936369843699,0,0.0,-110.59936369843699,0,0,1.0,15.222189747039947,40.7300139009608,medium,ময়মনসিংহ,শেরপুর,শ্রীবরদী,রানীশিমুল
2025-03,Mymensingh,Sherpur,Sreebardi,Sreebardi,BGD.8.16.5.9_1,110.28600830754154,0,0.0,-110.28600830754154,0,0,1.0,0.3975063940607821,17.60977962766969,low,ময়মনসিংহ,শেরপুর,শ্রীবরদী,শ্রীবরদী
2025-03,Rajshahi,Sirajganj,Royganj,Ghurka,BGD.5.8.5.6_1,109.98990882550385,0,80.24547369471638,-29.744435130787465,0,0,1.0,0.11246988059674697,26.673807992704234,low,রাজশাহী,সিরাজগঞ্জ,রায়গঞ্জ,ঘুড়কা
2025-03,Dhaka,Tangail,Bhuapur,Gobindasi,BGD.3.17.2.6_1,109.57320534616485,0,0.0,-109.57320534616485,0,0,1.0,0.9250558717265072,17.296252571358632,low,ঢাকা,টাঙ্গাইল,ভূঞাপুর,গোবিন্দাসী
2025-03,Dhaka,Tangail,Gopalpur,NagdaSimla,BGD.3.17.6.8_1,109.44,0,65.92943318602333,-43.510566813976666,0,0,1.0,0.0,26.56800026338619,low,ঢাকা,টাঙ্গাইল,গোপালপুর,নগদাশিমলা
2025-03,Dhaka,Tangail,Bhuapur,Falda,BGD.3.17.2.4_1,107.1442206903636,0,27.36,-79.7842206903636,0,0,1.0,0.0,18.70044034828928,low,ঢাকা,টাঙ্গাইল,ভূঞাপুর,ফলদা
2025-03,Dhaka,Tangail,Bhuapur,Birhati,BGD.3.17.2.3_1,106.56,0,0.0,-106.56,0,0,1.0,2.38936821152295,20.507513142467097,low,ঢাকা,টাঙ্গাইল,ভূঞাপুর,
2025-03,Rajshahi,Sirajganj,Royganj,Dhamainagar,BGD.5.8.5.3_1,95.65634101778224,0,11.52,-84.13634101778224,0,0,1.0,25.275785775363474,38.7722861995141,medium,রাজশাহী,সিরাজগঞ্জ,রায়গঞ্জ,ধামাইনগর
2025-03,Rajshahi,Sirajganj,SirajganjSadar,Khoksabari,BGD.5.8.7.6_1,93.69420335196742,0,0.0,-93.69420335196742,0,0,1.0,1.2701455536796358,18.10816085870518,low,রাজশাহী,সিরাজগঞ্জ,সিরাজগঞ্জ সদর,খোকশাবাড়ী
2025-03,Dhaka,Tangail,Gopalpur,Mirzapur,BGD.3.17.6.7_1,93.50178588791528,0,14.399999999999999,-79.10178588791527,0,0,1.0,0.0,22.875765613497197,low,ঢাকা,টাঙ্গাইল,গোপালপুর,মির্জাপুর
2025-03,Rajshahi,Bogra,BograSadar,Sekherkola,BGD.5.1.2.10_1,91.63852347930987,0,0.0,-91.63852347930987,0,0,1.0,0.0,14.6095854268022,low,রাজশাহী,বগুড়া,বগুড়া সদর,শেখেরকোলা
2025-03,Rangpur,Gaibandha,Saghatta,Ghuridaha,BGD.6.2.6.3_1,87.49396363516291,0,0.0,-87.49396363516291,0,0,1.0,0.9085661365466824,20.912071489056398,low,রংপুর,গাইবান্ধা,সাঘাটা,ঘুরিদহ
2025-03,Dhaka,Tangail,Gopalpur,Alamnagar,BGD.3.17.6.1_1,83.0109017745153,0,59.198410114151564,-23.81249166036374,0,0,1.0,0.05029433250450287,19.882955995299664,low,ঢাকা,টাঙ্গাইল,গোপালপুর,আলমনগর
2025-03,Rajshahi,Bogra,Sariakandi,SariakandiPaurashava,BGD.5.1.8.13_1,79.16455253666102,0,0.0,-79.16455253666102,0,0,1.0,1.2307387442161084,5.687640884709853,low,রাজশাহী,বগুড়া,সারিয়াকান্দি,সারিয়াকান্দি পৌরসভা
2025-03,Mymensingh,Jamalpur,Sarishabari,Aona,BGD.8.5.7.1_1,77.3710097710154,0,0.0,-77.3710097710154,0,0,1.0,0.0,32.06422223092089,low,ময়মনসিংহ,জামালপুর,সরিষাবাড়ী,আওনা
2025-03,Rajshahi,Sirajganj,Kazipur,Gandail,BGD.5.8.4.3_1,75.14714106131449,0,0.0,-75.14714106131449,0,0,1.0,0.0,22.3912466268639,low,রাজশাহী,সিরাজগঞ্জ,কাজীপুর,গান্ধাইল
2025-03,Rajshahi,Bogra,Gabtali,Sonarai,BGD.5.1.5.12_1,74.90446444671821,0,0.0,-74.90446444671821,0,0,1.0,0.0,28.904636727692377,low,রাজশাহী,বগুড়া,গাবতলী,সোনারায়
2025-03,Mymensingh,Jamalpur,Bakshiganj,Dhanua,BGD.8.5.1.4_1,69.28577712355323,0,0.0,-69.28577712355323,0,0,1.0,1.3470230860294623,27.46797763434229,low,ময়মনসিংহ,জামালপুর,বকশীগঞ্জ,ধানুয়া
2025-03,Rajshahi,Sirajganj,Kazipur,MansurNagar,BGD.5.8.4.8_1,67.66038985484185,0,0.0,-67.66038985484185,0,0,1.0,0.0,38.3338454712689,low,রাজশাহী,সিরাজগঞ্জ,কাজীপুর,মনসুর নগর
2025-03,Mymensingh,Sherpur,Sreebardi,SingaBaruna,BGD.8.16.5.8_1,63.57473286380356,0,0.0,-63.57473286380356,0,0,1.0,0.0,35.57246895163995,low,ময়মনসিংহ,শেরপুর,শ্রীবরদী,সিংগাবরুনা
2025-03,Rajshahi,Sirajganj,Royganj,Nalka,BGD.5.8.5.7_1,62.74734724656124,0,0.0,-62.74734724656124,0,0,1.0,56.683397153865876,30.096996398594445,medium,রাজশাহী,সিরাজগঞ্জ,রায়গঞ্জ,নলকা
2025-03,Rajshahi,Bogra,Sherpur,Kusumbi,BGD.5.1.10.6_1,62.52568242505189,0,51.84,-10.685682425051887,0,0,1.0,1.942387730757198,40.671591335270406,low,রাজশাহী,বগুড়া,শেরপুর,কুসুম্বী
2025-03,Rangpur,Kurigram,CharRajibpur,CharRajibpur,BGD.6.3.2.1_1,62.136630919959096,0,1.5387732199486848,-60.59785770001041,0,0,1.0,558.3630642871575,34.99336050271297,high,রংপুর,কুড়িগ্রাম,চর রাজিবপুর,রাজিবপুর
2025-03,Rajshahi,Sirajganj,Royganj,Sonakhara,BGD.5.8.5.10_1,59.11389881944726,0,56.774988640786425,-2.338910178660832,0,0,1.0,1.481656388657919,26.321892375685103,low,রাজশাহী,সিরাজগঞ্জ,রায়গঞ্জ,সোনাখাড়া
2025-03,Rajshahi,Sirajganj,SirajganjSadar,Ratankandi,BGD.5.8.7.8_1,56.45741664962543,0,25.63996998903096,-30.81744666059447,0,0,1.0,0.0,34.440091930521326,low,রাজশাহী,সিরাজগঞ্জ,সিরাজগঞ্জ সদর,রতনকান্দি
2025-03,Mymensingh,Jamalpur,Sarishabari,Doail,BGD.8.5.7.3_1,56.156489352567824,0,0.0,-56.156489352567824,0,0,1.0,1.6151869004139559,33.43266341880333,low,ময়মনসিংহ,জামালপুর,সরিষাবাড়ী,ডোয়াইল
2025-03,Rangpur,Lalmonirhat,LalmonirhatSadar,Kulaghat,BGD.6.4.4.5_1,55.03127153143907,0,5.277128135489299,-49.75414339594977,0,0,1.0,49.66138346911852,29.942782422174716,medium,রংপুর,লালমনিরহাট,লালমনিরহাট সদর,কুলাঘাট
2025-03,Mymensingh,Jamalpur,JamalpurSadar,Titpalla,BGD.8.5.4.15_1,51.544126541271964,0,39.616736716952296,-11.927389824319668,0,0,1.0,14.796103609522518,27.980339346472046,medium,ময়মনসিংহ,জামালপুর,জামালপুর সদর,তিতপল্লা
2025-03,Rangpur,Rangpur,Kaunia,KauniaBalaPara,BGD.6.7.3.2_1,51.27599287134187,0,4.311667967904808,-46.96432490343706,0,0,1.0,22.544537349065852,26.880125797973406,medium,রংপুর,রংপুর,কাউনিয়া,বালাপাড়া
2025-03,Rajshahi,Sirajganj,UllahPara,Hatikumrul,BGD.5.8.9.5_1,51.04975482198498,0,0.0,-51.04975482198498,0,0,1.0,129.8946099317609,23.588353678490954,high,রাজশাহী,সিরাজগঞ্জ,উল্লাপাড়া,হাটিকুমরুল
2025-03,Dhaka,Tangail,Gopalpur,Jhawail,BGD.3.17.6.6_1,44.490252583778,0,0.0,-44.490252583778,0,0,1.0,0.03572247824197368,27.993578531318317,low,ঢাকা,টাঙ্গাইল,গোপালপুর,ঝাওয়াইল
2025-03,Mymensingh,Jamalpur,Melandaha,Adra,BGD.8.5.6.1_1,42.59386733535491,0,15.84,-26.753867335354908,0,0,1.0,2.5506124193523063,18.426947051381102,low,ময়মনসিংহ,জামালপুর,মেলান্দহ,আদ্রা
2025-03,Mymensingh,Jamalpur,JamalpurSadar,JamalpurPaurashava,BGD.8.5.4.5_1,41.760000000000005,0,50.4,8.639999999999993,0,0,1.0,314.04143135505973,53.95784857712529,high,ময়মনসিংহ,জামালপুর,জামালপুর সদর,জামালপুর পৌরসভা
2025-03,Rajshahi,Bogra,Dhunat,Chaukibari,BGD.5.1.3.2_1,41.76,0,0.0,-41.76,0,0,1.0,0.0,29.53781650099237,low,রাজশাহী,বগুড়া,ধুনট,চৌকিবাড়ী
2025-03,Rangpur,Gaibandha,Sadullapur,Banagram,BGD.6.2.5.1_1,37.44444686303128,0,0.0,-37.44444686303128,0,0,1.0,159.31411131001792,18.372509352320918,high,রংপুর,গাইবান্ধা,সাদুল্লাপুর,বনগ্রাম
2025-03,Rajshahi,Bogra,Dhunat,KalerPara,BGD.5.1.3.9_1,34.689210837987645,0,0.0,-34.689210837987645,0,0,1.0,0.0,22.940384204595766,low,রাজশাহী,বগুড়া,ধুনট,কালেরপাড়া
2025-03,Rangpur,Gaibandha,GaibandhaSadar,Gidari,BGD.6.2.2.5_1,34.084677488637325,0,0.0,-34.084677488637325,0,0,1.0,50.498625904448694,22.91151450713184,medium,রংপুর,গাইবান্ধা,গাইবান্ধা সদর,গিদারী
2025-03,Mymensingh,Sherpur,Sreebardi,Tantihati,BGD.8.16.5.11_1,31.985602520164356,0,0.0,-31.985602520164356,0,0,1.0,1.1548067043055008,26.84431938645815,low,ময়মনসিংহ,শেরপুর,শ্রীবরদী,তাতীহাটি
2025-03,Mymensingh,Jamalpur,Melandaha,Nangla,BGD.8.5.6.10_1,31.796882540887697,0,0.0,-31.796882540887697,0,0,1.0,3.4214723681776773,21.33584379606748,low,ময়মনসিংহ,জামালপুর,মেলান্দহ,নাংলা
2025-03,Mymensingh,Jamalpur,Bakshiganj,Nilakshmia,BGD.8.5.1.6_1,31.56692935306556,0,142.21460858499785,110.64767923193229,0,0,1.0,16.3044729128961,21.834499152586538,medium,ময়মনসিংহ,জামালপুর,বকশীগঞ্জ,নিলক্ষিয়া
2025-03,Rangpur,Gaibandha,Sadullapur,KhurdaKamarpur,BGD.6.2.5.8_1,27.82835621692374,0,0.0,-27.82835621692374,0,0,1.0,0.6941599275654629,11.524721728114388,low,রংপুর,গাইবান্ধা,সাদুল্লাপুর,
2025-03,Rajshahi,Bogra,Gabtali,Nepaltali,BGD.5.1.5.10_1,27.02657529958193,0,0.0,-27.02657529958193,0,0,1.0,0.25580158424650085,35.18351939262124,low,রাজশাহী,বগুড়া,গাবতলী,নেপালতলী
2025-03,Rangpur,Lalmonirhat,LalmonirhatSadar,Mahendranagar,BGD.6.4.4.6_1,26.65153713008391,0,1.44,-25.211537130083908,0,0,1.0,119.08822520047889,32.69844683170525,high,রংপুর,লালমনিরহাট,লালমনিরহাট সদর,মহেন্দ্রনগর
2025-03,Rajshahi,Bogra,Sonatola,Digdair,BGD.5.1.12.2_1,25.919999999999998,0,0.0,-25.919999999999998,0,0,1.0,0.0,25.926485824970644,low,রাজশাহী,বগুড়া,সোনাতলা,দিগদাইড়
2025-03,Rangpur,Gaibandha,Palashbari,Manoharpur,BGD.6.2.4.6_1,24.48,0,0.0,-24.48,0,0,1.0,55.08685352495789,20.894277424622246,medium,রংপুর,গাইবান্ধা,পলাশবাড়ী,মনোহরপুর
2025-03,Mymensingh,Jamalpur,Melandaha,MelandahaPaurashava,BGD.8.5.6.9_1,23.52806571732276,0,0.0,-23.52806571732276,0,0,1.0,3.6559923439190554,12.855606789815694,low,ময়মনসিংহ,জামালপুর,মেলান্দহ,মেলান্দহ পৌরসভা
2025-03,Rajshahi,Sirajganj,Royganj,Pangashi,BGD.5.8.5.8_1,23.04,0,0.0,-23.04,0,0,1.0,0.0,26.545197330129103,low,রাজশাহী,সিরাজগঞ্জ,রায়গঞ্জ,পাঙ্গাসী
2025-03,Rajshahi,Bogra,Shajahanpur,KhottaPara,BGD.5.1.9.7_1,22.480075690519687,0,0.0,-22.480075690519687,0,0,1.0,0.13205679392975236,15.14499890905954,low,রাজশাহী,বগুড়া,শাজাহানপুর,খোট্টাপাড়া
2025-03,Mymensingh,Jamalpur,Melandaha,CharBanipakuri,BGD.8.5.6.2_1,21.6,0,2.88,-18.720000000000002,0,0,1.0,0.6717090535835546,23.819836750212485,low,ময়মনসিংহ,জামালপুর,মেলান্দহ,চরবানী পাকুরিয়া
2025-03,Rangpur,Gaibandha,Saghatta,BonarPara,BGD.6.2.6.2_1,21.6,0,0.0,-21.6,0,0,1.0,0.0,23.435607470372137,low,রংপুর,গাইবান্ধা,সাঘাটা,বোনারপাড়া
2025-03,Dhaka,Tangail,Gopalpur,GopalpurPaurashava,BGD.3.17.6.3_1,21.471214686196916,0,18.69508770839942,-2.776126977797496,0,0,1.0,4.801307015272342,23.1187048957551,low,ঢাকা,টাঙ্গাইল,গোপালপুর,গোপালপুর পৌরসভা
2025-03,Rajshahi,Bogra,Gabtali,Mahishaban,BGD.5.1.5.7_1,21.144477509289068,0,0.0,-21.144477509289068,0,0,1.0,0.5086492062399527,23.59189762372117,low,রাজশাহী,বগুড়া,গাবতলী,মহিষাবান
2025-03,Mymensingh,Jamalpur,Sarishabari,SarishabariPaurashava,BGD.8.5.7.8_1,21.02135783322528,0,0.5256170341162942,-20.495740799108987,0,0,1.0,3.020532356282834,13.242698730506337,low,ময়মনসিংহ,জামালপুর,সরিষাবাড়ী,সরিষাবাড়ী পৌরসভা
2025-03,Rangpur,Gaibandha,Sundarganj,Tarapur,BGD.6.2.7.16_1,20.891858631061023,0,0.0,-20.891858631061023,0,0,1.0,147.97553563605533,29.43729841068829,high,রংপুর,গাইবান্ধা,সুন্দরগঞ্জ,তারাপুর
2025-03,Rajshahi,Bogra,Sonatola,Madhupur,BGD.5.1.12.4_1,20.74906014831894,0,0.0,-20.74906014831894,0,0,1.0,5.217859211740356,16.86515416169089,low,রাজশাহী,বগুড়া,সোনাতলা,মধুপুর
2025-03,Dhaka,Tangail,Dhanbari,Paiska,BGD.3.17.4.8_1,20.156897105781724,0,0.0,-20.156897105781724,0,0,1.0,1.0082994142470645,16.860071284177575,low,ঢাকা,টাঙ্গাইল,ধনবাড়ী,পাইস্কা
2025-03,Mymensingh,Jamalpur,Islampur,Palbandha,BGD.8.5.3.11_1,19.978247803547237,0,1.44,-18.538247803547236,0,0,1.0,4.409992819954739,12.244917895479526,low,ময়মনসিংহ,জামালপুর,ইসলামপুর,পলবান্ধা
2025-03,Rangpur,Gaibandha,Fulchhari,Udakhali,BGD.6.2.1.6_1,19.05889305845809,0,0.0,-19.05889305845809,0,0,1.0,161.46008810717518,20.519002800251616,high,রংপুর,গাইবান্ধা,ফুলছড়ি,উদাখালী
2025-03,Rangpur,Gaibandha,GaibandhaSadar,Kholahati,BGD.6.2.2.7_1,18.72,0,0.0,-18.72,0,0,1.0,148.95495088663736,18.59622646653831,high,রংপুর,গাইবান্ধা,গাইবান্ধা সদর,খোলাহাটী
2025-03,Rangpur,Gaibandha,GaibandhaSadar,SahaPara,BGD.6.2.2.14_1,18.683744123044207,0,0.0,-18.683744123044207,0,0,1.0,78.8056930991612,17.95555554875338,medium,রংপুর,গাইবান্ধা,গাইবান্ধা সদর,সাহাপাড়া
2025-03,Mymensingh,Jamalpur,Sarishabari,Bhatara,BGD.8.5.7.2_1,18.371733073545155,0,2.88,-15.491733073545156,0,0,1.0,12.504490015644526,30.788940574011544,medium,ময়মনসিংহ,জামালপুর,সরিষাবাড়ী,ভাটারা
2025-03,Dhaka,Tangail,Dhanbari,Baniajan,BGD.3.17.4.2_1,18.140055825974763,0,0.0,-18.140055825974763,0,0,1.0,8.846005940396923,13.791534939272923,low,ঢাকা,টাঙ্গাইল,ধনবাড়ী,বানিয়াজান
2025-03,Mymensingh,Sherpur,Sreebardi,KhariaKazirChar,BGD.8.16.5.5_1,17.28,0,0.0,-17.28,0,0,1.0,5.996005431939934,23.348878113791955,low,ময়মনসিংহ,শেরপুর,শ্রীবরদী,খড়িয়া কাজিরচর
2025-03,Rangpur,Kurigram,Nageshwari,Bhitarband,BGD.6.3.5.4_1,17.28,0,4.32,-12.96,0,0,1.0,366.68962775116125,18.533384872865355,high,রংপুর,কুড়িগ্রাম,নাগেশ্বরী,ভিতরবন্দ
2025-03,Mymensingh,Sherpur,Sreebardi,Kakilakura,BGD.8.16.5.4_1,16.113850293529463,0,0.0,-16.113850293529463,0,0,1.0,1.0735619164847243,26.08140207849708,low,ময়মনসিংহ,শেরপুর,শ্রীবরদী,কাকিলাকুড়া
2025-03,Mymensingh,Jamalpur,Madarganj,Adarbhita,BGD.8.5.5.1_1,15.84,0,4.32,-11.52,0,0,1.0,2.72940115277125,30.04322025611469,low,ময়মনসিংহ,জামালপুর,মাদারগঞ্জ,আদারভিটা
2025-03,Rangpur,Gaibandha,Gobindaganj,Shalmara,BGD.6.2.3.16_1,15.589573176535918,0,0.0,-15.589573176535918,0,0,1.0,6.654062660057308,22.993471479975856,low,রংপুর,গাইবান্ধা,গোবিন্দগঞ্জ,শালমারা
2025-03,Rangpur,Gaibandha,Gobindaganj,Shibpur,BGD.6.2.3.17_1,15.230126764115717,0,0.0,-15.230126764115717,0,0,1.0,0.0,17.19332016422174,low,রংপুর,গাইবান্ধা,গোবিন্দগঞ্জ,শিবপুর
2025-03,Rajshahi,Bogra,Shajahanpur,Amrool,BGD.5.1.9.1_1,15.023116331715691,0,0.0,-15.023116331715691,0,0,1.0,2.3777147190307177,24.81374217343093,low,রাজশাহী,বগুড়া,শাজাহানপুর,আমরুল
2025-03,Dhaka,Tangail,Madhupur,Golabari,BGD.3.17.8.4_1,14.4,0,0.0,-14.4,0,0,1.0,7.267569525102116,21.602820510725557,low,ঢাকা,টাঙ্গাইল,মধুপুর,গোলাবাড়ী
2025-03,Mymensingh,Jamalpur,Islampur,Islampur,BGD.8.5.3.7_1,14.4,0,0.0,-14.4,0,0,1.0,18.794468908708133,14.79158583040316,medium,ময়মনসিংহ,জামালপুর,ইসলামপুর,ইসলামপুর
2025-03,Mymensingh,Jamalpur,Melandaha,Jhaugara,BGD.8.5.6.6_1,14.4,0,7.083994486621606,-7.3160055133783946,0,0,1.0,13.199182738245465,22.122581813638472,medium,ময়মনসিংহ,জামালপুর,মেলান্দহ,ঝাউগড়া
2025-03,Rajshahi,Bogra,Gabtali,Rameshwarpur,BGD.5.1.5.11_1,14.4,0,0.0,-14.4,0,0,1.0,0.0,17.32037888254562,low,রাজশাহী,বগুড়া,গাবতলী,রামেশ্বরপুর
2025-03,Rangpur,Kurigram,Nageshwari,Hasnabad,BGD.6.3.5.5_1,13.869903960928553,0,0.0,-13.869903960928553,0,0,1.0,185.40544359528658,18.3489758123072,high,রংপুর,কুড়িগ্রাম,নাগেশ্বরী,হাসনাবাদ
2025-03,Rajshahi,Bogra,Dhunat,Nimgachhi,BGD.5.1.3.11_1,13.032140719364932,0,0.0,-13.032140719364932,0,0,1.0,0.0,26.000400688497436,low,রাজশাহী,বগুড়া,ধুনট,নিমগাছি
2025-03,Rangpur,Gaibandha,Gobindaganj,Mahimaganj,BGD.6.2.3.9_1,12.953129265437143,0,0.0,-12.953129265437143,0,0,1.0,5.066007191973398,24.476870107185416,low,রংপুর,গাইবান্ধা,গোবিন্দগঞ্জ,মহিমাগঞ্জ
2025-03,Rajshahi,Bogra,Shajahanpur,Chopinagar,BGD.5.1.9.4_1,12.319197192683319,0,0.0,-12.319197192683319,0,0,1.0,0.060144268676883425,16.6266881616328,low,রাজশাহী,বগুড়া,শাজাহানপুর,চোপিনগর
2025-03,Rangpur,Gaibandha,Sundarganj,Bamandanga,BGD.6.2.7.1_1,12.137921599597094,0,0.0,-12.137921599597094,0,0,1.0,148.80942730919438,34.42658232502632,high,রংপুর,গাইবান্ধা,সুন্দরগঞ্জ,বামনডাঙ্গা
2025-03,Mymensingh,Jamalpur,Melandaha,Shaympur,BGD.8.5.6.12_1,12.005270496490805,0,52.59661668397486,40.59134618748405,0,0,1.0,6.796179249043147,17.656979841562467,low,ময়মনসিংহ,জামালপুর,মেলান্দহ,শ্যামপুর
2025-03,Rajshahi,Bogra,Dhunat,Gopalnagar,BGD.5.1.3.7_1,11.52,0,0.0,-11.52,0,0,1.0,0.0,24.235977090757363,low,রাজশাহী,বগুড়া,ধুনট,গোপালনগর
2025-03,Rangpur,Gaibandha,GaibandhaSadar,Kuptala,BGD.6.2.2.8_1,11.52,0,0.0,-11.52,0,0,1.0,175.6660614707353,21.95643237918526,high,রংপুর,গাইবান্ধা,গাইবান্ধা সদর,কুপতলা
2025-03,Rangpur,Gaibandha,Saghatta,Padumsahar,BGD.6.2.6.9_1,10.759464493387576,0,0.0,-10.759464493387576,0,0,1.0,9.64853627795276,17.826538144757354,low,রংপুর,গাইবান্ধা,সাঘাটা,পদুমশহর
2025-03,Rajshahi,Bogra,Sonatola,Balua,BGD.5.1.12.1_1,10.681567226076499,0,0.0,-10.681567226076499,0,0,1.0,5.89654001587602,23.742737202335576,low,রাজশাহী,বগুড়া,সোনাতলা,বালুয়া
2025-03,Mymensingh,Jamalpur,Sarishabari,Kamrabad,BGD.8.5.7.4_1,10.65864216677472,0,1.44,-9.218642166774721,0,0,1.0,0.31981819022692753,18.760658972345162,low,ময়মনসিংহ,জামালপুর,সরিষাবাড়ী,কামরাবাদ
2025-03,Rangpur,Kurigram,KurigramSadar,Belgachha,BGD.6.3.4.1_1,10.523098029897145,0,0.0,-10.523098029897145,0,0,1.0,197.2995798272141,17.237745782218287,high,রংপুর,কুড়িগ্রাম,কুড়িগ্রাম সদর,বেলগাছা
2025-03,Mymensingh,Sherpur,SherpurSadar,KamarerChar,BGD.8.16.4.10_1,10.4430639157327,0,0.0,-10.4430639157327,0,0,1.0,5.324993508732005,27.981254766915217,low,ময়মনসিংহ,শেরপুর,শেরপুর সদর,কামারের চর
2025-03,Rangpur,Gaibandha,Gobindaganj,Kochasahar,BGD.6.2.3.8_1,10.330426823464082,0,0.0,-10.330426823464082,0,0,1.0,4.8960959898616405,19.607458717882057,low,রংপুর,গাইবান্ধা,গোবিন্দগঞ্জ,কোচাশহর
2025-03,Rangpur,Kurigram,Phulbari,Bhangamon,BGD.6.3.6.2_1,10.321713307384622,0,2.294259621446339,-8.027453685938283,0,0,1.0,287.2710875448645,26.967558991783726,high,রংপুর,কুড়িগ্রাম,ফুলবাড়ী,ভাঙ্গামোড়
2025-03,Mymensingh,Jamalpur,JamalpurSadar,Sahabajpur,BGD.8.5.4.12_1,10.08,0,4.32,-5.76,0,0,1.0,10.67198560498986,33.826882209362104,medium,ময়মনসিংহ,জামালপুর,জামালপুর সদর,শাহবাজপুর
2025-03,Rangpur,Kurigram,Ulipur,Tabakpur,BGD.6.3.9.13_1,10.08,0,0.0,-10.08,0,0,1.0,145.3665008481862,25.205256910094477,high,রংপুর,কুড়িগ্রাম,উলিপুর,তবকপুর
2025-03,Rangpur,Rangpur,Pirgachha,Annadanagar,BGD.6.7.5.1_1,10.08,0,11.52,1.4399999999999995,0,0,1.0,89.86230033347977,27.18603898335571,medium,রংপুর,রংপুর,পীরগাছা,অন্নদানগর
2025-03,Rajshahi,Bogra,Sonatola,Pakulla,BGD.5.1.12.5_1,9.58307394234151,0,1.44,-8.14307394234151,0,0,1.0,0.0,24.64857707907091,low,রাজশাহী,বগুড়া,সোনাতলা,পাকুল্ল্যা
2025-03,Mymensingh,Jamalpur,Bakshiganj,Bakshiganj,BGD.8.5.1.2_1,9.237036680776582,0,1.44,-7.797036680776582,0,0,1.0,3.7463100666601767,31.23073048363696,low,ময়মনসিংহ,জামালপুর,বকশীগঞ্জ,বকসীগঞ্জ
2025-03,Rangpur,Kurigram,Ulipur,Durgapur,BGD.6.3.9.7_1,8.788266520971941,0,0.0,-8.788266520971941,0,0,1.0,170.41997479885086,24.222512677122136,high,রংপুর,কুড়িগ্রাম,উলিপুর,দুর্গাপুর
2025-03,Mymensingh,Jamalpur,Melandaha,Fulkocha,BGD.8.5.6.4_1,8.64,0,7.196857749052106,-1.4431422509478944,0,0,1.0,1.9088163632967843,20.431509677883167,low,ময়মনসিংহ,জামালপুর,মেলান্দহ,ফুলকোচা
2025-03,Rajshahi,Bogra,Sariakandi,Narchi,BGD.5.1.8.11_1,8.64,0,0.0,-8.64,0,0,1.0,0.0,15.569994632796968,low,রাজশাহী,বগুড়া,সারিয়াকান্দি,নারচী
2025-03,Rangpur,Gaibandha,Sadullapur,Faridpur,BGD.6.2.5.5_1,8.64,0,0.0,-8.64,0,0,1.0,25.2429045478704,12.993750357768219,medium,রংপুর,গাইবান্ধা,সাদুল্লাপুর,ফরিদপুর
2025-03,Rajshahi,Sirajganj,Royganj,Chandaikona,BGD.5.8.5.2_1,8.627650596169676,0,155.5806549862053,146.95300439003563,0,0,1.0,2.4233116638273056,32.60001640698158,low,রাজশাহী,সিরাজগঞ্জ,রায়গঞ্জ,চান্দাইকোনা
2025-03,Rajshahi,Bogra,Gabtali,Naruamala,BGD.5.1.5.8_1,7.484058667035308,0,0.0,-7.484058667035308,0,0,1.0,75.22413744746642,20.445565109657505,medium,রাজশাহী,বগুড়া,গাবতলী,নাড়ুয়ামালা
2025-03,Rangpur,Gaibandha,Gobindaganj,Harirampur,BGD.6.2.3.4_1,7.2,0,0.0,-7.2,0,0,1.0,0.03441346965708197,29.05838934477243,low,রংপুর,গাইবান্ধা,গোবিন্দগঞ্জ,হরিরামপুর
2025-03,Mymensingh,Sherpur,SherpurSadar,CharPakshimari,BGD.8.16.4.6_1,7.023248605087759,0,0.0,-7.023248605087759,0,0,1.0,10.299156742460337,32.915316125096396,medium,ময়মনসিংহ,শেরপুর,শেরপুর সদর,চর পক্ষীমারি
2025-03,Mymensingh,Jamalpur,Melandaha,Nayanagar,BGD.8.5.6.11_1,6.554784831951331,0,0.0,-6.554784831951331,0,0,1.0,3.655125226568099,20.792721258242242,low,ময়মনসিংহ,জামালপুর,মেলান্দহ,নয়ানগর
2025-03,Rangpur,Gaibandha,GaibandhaSadar,Badiakhali,BGD.6.2.2.1_1,6.520535506612425,0,0.0,-6.520535506612425,0,0,1.0,108.29783106335061,22.733603949647083,high,রংপুর,গাইবান্ধা,গাইবান্ধা সদর,বাদিয়াখালী
2025-03,Rajshahi,Bogra,Gabtali,Nasipur,BGD.5.1.5.9_1,6.205735790713826,0,0.0,-6.205735790713826,0,0,1.0,0.0,17.024811237543908,low,রাজশাহী,বগুড়া,গাবতলী,নশিপুর
2025-03,Rangpur,Lalmonirhat,Aditmari,Durgapur,BGD.6.4.1.3_1,6.030299658675464,0,2.952663877385645,-3.077635781289819,0,0,1.0,1.1876711066478667,32.837373732257625,low,রংপুর,লালমনিরহাট,আদিতমারী,দূর্গাপুর
2025-03,Rajshahi,Bogra,Sherpur,Khamarkandi,BGD.5.1.10.4_1,5.760048170624082,0,1.44,-4.320048170624082,0,0,1.0,5.2983003450489266,22.460032887943257,low,রাজশাহী,বগুড়া,শেরপুর,খামারকান্দি
2025-03,Mymensingh,Jamalpur,Dewanganj,Bahadurabad,BGD.8.5.2.1_1,5.76,0,34.29185619275533,28.531856192755335,0,0,1.0,0.3727285538666329,42.92668172056656,low,ময়মনসিংহ,জামালপুর,দেওয়ানগঞ্জ,বাহাদুরাবাদ
2025-03,Rangpur,Kurigram,Rajarhat,Chakirpashar,BGD.6.3.7.2_1,5.76,0,0.0,-5.76,0,0,1.0,148.15675257571792,23.11740734361465,high,রংপুর,কুড়িগ্রাম,রাজারহাট,চাকিরপশার
2025-03,Dhaka,Tangail,Gopalpur,Hemnagar,BGD.3.17.6.5_1,5.237304976096187,0,11.52,6.282695023903813,0,0,1.0,1.6807749238871161,22.01365541224899,low,ঢাকা,টাঙ্গাইল,গোপালপুর,হেমনগর
2025-03,Rajshahi,Bogra,Shibganj,Mokamtala,BGD.5.1.11.8_1,4.801492474164583,0,0.0,-4.801492474164583,0,0,1.0,3.360052595006137,25.89245184117158,low,রাজশাহী,বগুড়া,শিবগঞ্জ,মোকামতলা
2025-03,Rangpur,Lalmonirhat,LalmonirhatSadar,Harati,BGD.6.4.4.3_1,4.683882076902745,0,0.0,-4.683882076902745,0,0,1.0,209.7823200299202,24.120240443895927,high,রংপুর,লালমনিরহাট,লালমনিরহাট সদর,হারাটি
2025-03,Mymensingh,Jamalpur,Madarganj,Jorekhali,BGD.8.5.5.5_1,4.423510210379193,0,41.76,37.336489789620806,0,0,1.0,16.50275657972193,42.96251941758609,medium,ময়মনসিংহ,জামালপুর,মাদারগঞ্জ,জোড়খালী
2025-03,Rangpur,Gaibandha,Palashbari,Harinathpur,BGD.6.2.4.3_1,4.370101527914874,0,0.0,-4.370101527914874,0,0,1.0,7.604828662740242,19.066833249041572,low,রংপুর,গাইবান্ধা,পলাশবাড়ী,হরিণাথপুর
2025-03,Mymensingh,Jamalpur,Madarganj,Gunaritala,BGD.8.5.5.4_1,4.32,0,0.0,-4.32,0,0,1.0,14.12132122802337,32.92893012568968,medium,ময়মনসিংহ,জামালপুর,মাদারগঞ্জ,গুনারীতলা
2025-03,Rajshahi,Sirajganj,Royganj,Dhangara,BGD.5.8.5.4_1,4.32,0,34.04974657951998,29.729746579519983,0,0,1.0,0.0,25.39682000537505,low,রাজশাহী,সিরাজগঞ্জ,রায়গঞ্জ,ধানগড়া
2025-03,Rangpur,Gaibandha,Saghatta,Kachua,BGD.6.2.6.6_1,4.32,0,0.0,-4.32,0,0,1.0,2.436401739512867,20.93250845002143,low,রংপুর,গাইবান্ধা,সাঘাটা,কচুয়া
2025-03,Rangpur,Gaibandha,Gobindaganj,Nakai,BGD.6.2.3.10_1,4.269898472085126,0,0.0,-4.269898472085126,0,0,1.0,5.124046278614495,24.7851001131746,low,রংপুর,গাইবান্ধা,গোবিন্দগঞ্জ,নাকাই
2025-03,Rangpur,Rangpur,Kaunia,TepaMadhupur,BGD.6.7.3.7_1,4.153075031430207,0,0.0,-4.153075031430207,0,0,1.0,49.1953542826949,34.474800003556226,medium,রংপুর,রংপুর,কাউনিয়া,টেপামধুপুর
2025-03,Rajshahi,Bogra,Gabtali,Kagail,BGD.5.1.5.6_1,3.838507525835416,0,5.76,1.9214924741645838,0,0,1.0,0.30820551875347174,16.22294117322219,low,রাজশাহী,বগুড়া,গাবতলী,কাগইল
2025-03,Mymensingh,Jamalpur,Islampur,CharPutimari,BGD.8.5.3.3_1,3.5528718011472833,0,171.76405337231503,168.21118157116774,0,0,1.0,24.989242392289093,27.93201926823445,medium,ময়মনসিংহ,জামালপুর,ইসলামপুর,চরপুটিমারী
2025-03,Rangpur,Kurigram,Phulbari,Phulbari,BGD.6.3.6.5_1,3.5463081309104436,0,2.88,-0.6663081309104437,0,0,1.0,247.29102383244134,29.111448884929505,high,রংপুর,কুড়িগ্রাম,ফুলবাড়ী,ফুলবাড়ী
2025-03,Rangpur,Kurigram,Nageshwari,Paurashava,BGD.6.3.5.12_1,3.409220141490921,0,0.0,-3.409220141490921,0,0,1.0,174.8440720959843,45.58919215530597,high,রংপুর,কুড়িগ্রাম,নাগেশ্বরী,পৌরসভা
2025-03,Rajshahi,Bogra,Gabtali,BaliaDighi,BGD.5.1.5.1_1,3.2988780956783765,0,0.0,-3.2988780956783765,0,0,1.0,0.045449498774445214,22.00244286439233,low,রাজশাহী,বগুড়া,গাবতলী,বালিয়া দিঘী
2025-03,Dhaka,Tangail,Gopalpur,Dhopakandi,BGD.3.17.6.2_1,2.88,0,0.0,-2.88,0,0,1.0,0.17241950850680268,23.199230960817772,low,ঢাকা,টাঙ্গাইল,গোপালপুর,ধোপাকান্দি
2025-03,Mymensingh,Jamalpur,JamalpurSadar,Digpaith,BGD.8.5.4.2_1,2.88,0,0.0,-2.88,0,0,1.0,274.92951945077573,27.62889927270983,high,ময়মনসিংহ,জামালপুর,জামালপুর সদর,দিগপাইত
2025-03,Mymensingh,Jamalpur,JamalpurSadar,Kendua,BGD.8.5.4.6_1,2.88,0,77.02317011009634,74.14317011009635,0,0,1.0,257.848776133674,27.849657103965566,high,ময়মনসিংহ,জামালপুর,জামালপুর সদর,কেন্দুয়া
2025-03,Rajshahi,Bogra,BograSadar,Shakharia,BGD.5.1.2.12_1,2.88,0,0.0,-2.88,0,0,1.0,9.273090189396767,9.705502498283659,low,রাজশাহী,বগুড়া,বগুড়া সদর,শাখারিয়া
2025-03,Rajshahi,Bogra,Shajahanpur,Asekpur,BGD.5.1.9.3_1,2.88,0,194.41649550081232,191.53649550081232,0,0,1.0,1.3921192746963678,25.859853142146807,low,রাজশাহী,বগুড়া,শাজাহানপুর,আশেকপুর
2025-03,Rajshahi,Bogra,Shibganj,Deuli,BGD.5.1.11.4_1,2.88,0,0.0,-2.88,0,0,1.0,16.64012571319022,23.136844434704,medium,রাজশাহী,বগুড়া,শিবগঞ্জ,দেউলি
2025-03,Rajshahi,Sirajganj,Royganj,Brahmagachha,BGD.5.8.5.1_1,2.88,0,44.64,41.76,0,0,1.0,0.0,29.606102324529548,low,রাজশাহী,সিরাজগঞ্জ,রায়গঞ্জ,ব্রহ্মগাছা
2025-03,Rajshahi,Sirajganj,Royganj,RoyganjPaurashava,BGD.5.8.5.9_1,2.88,0,27.360000000000003,24.480000000000004,0,0,1.0,0.0,4.608611520309639,low,রাজশাহী,সিরাজগঞ্জ,রায়গঞ্জ,রায়গঞ্জ পৌরসভা
2025-03,Rangpur,Gaibandha,Gobindaganj,Fulbari,BGD.6.2.3.2_1,2.88,0,8.64,5.760000000000001,0,0,1.0,0.0,16.75577634146752,low,রংপুর,গাইবান্ধা,গোবিন্দগঞ্জ,ফুলবাড়ী
2025-03,Rangpur,Lalmonirhat,Aditmari,Sarpukur,BGD.6.4.1.8_1,2.88,0,2.88,0.0,0,0,1.0,245.05379186736675,24.53746972931757,high,রংপুর,লালমনিরহাট,আদিতমারী,সারপুকুর
2025-03,Rangpur,Lalmonirhat,LalmonirhatSadar,Panchagram,BGD.6.4.4.8_1,2.88,0,2.88,0.0,0,0,1.0,91.79963748349408,27.54912839884279,medium,রংপুর,লালমনিরহাট,লালমনিরহাট সদর,পঞ্চগ্রাম
2025-03,Rajshahi,Bogra,Shibganj,Roynagar,BGD.5.1.11.10_1,2.8420382969107787,0,0.0,-2.8420382969107787,0,0,1.0,0.6835323217603967,17.555863297136728,low,রাজশাহী,বগুড়া,শিবগঞ্জ,রায়নগর
2025-03,Rangpur,Gaibandha,Palashbari,Mohadipur,BGD.6.2.4.7_1,2.817365873926958,0,1.44,-1.377365873926958,0,0,1.0,0.05324341857461264,18.781664039822132,low,রংপুর,গাইবান্ধা,পলাশবাড়ী,মহদীপুর
2025-03,Rajshahi,Bogra,BograSadar,Shabgram,BGD.5.1.2.11_1,2.612966884227131,0,11.460823976735584,8.847857092508454,0,0,1.0,240.53182866640785,19.66475716010129,high,রাজশাহী,বগুড়া,বগুড়া সদর,সাবগ্রাম
2025-03,Rajshahi,Bogra,Shajahanpur,Sultanganj(Part),BGD.5.1.9.11_1,2.485004791336233,0,10.08,7.594995208663767,0,0,1.0,5.970563952193587,3.3497673184878947,low,রাজশাহী,বগুড়া,শাজাহানপুর,
2025-03,Rajshahi,Bogra,Shajahanpur,Madla,BGD.5.1.9.8_1,1.7627023176897498,0,2.88,1.11729768231025,0,0,1.0,1.6412821381139613,19.496952569514956,low,রাজশাহী,বগুড়া,শাজাহানপুর,মাদলা
2025-03,Rajshahi,Bogra,Sonatola,Sonatala,BGD.5.1.12.6_1,1.6893726256045611,0,0.0,-1.6893726256045611,0,0,1.0,1.621715274205586,11.71599003980976,low,রাজশাহী,বগুড়া,সোনাতলা,সোনাতলা
2025-03,Dhaka,Tangail,Dhanbari,Dhanbari,BGD.3.17.4.4_1,1.6027024033549369,0,0.0,-1.6027024033549369,0,0,1.0,2.3546028100108534,24.207904516913942,low,ঢাকা,টাঙ্গাইল,ধনবাড়ী,
2025-03,Dhaka,Tangail,Ghatail,Digalkandi,BGD.3.17.5.5_1,1.44,0,8.64,7.200000000000001,0,0,1.0,0.0,23.863278321165534,low,ঢাকা,টাঙ্গাইল,ঘাটাইল,দিঘলকান্দি
2025-03,Dhaka,Tangail,Gopalpur,Hadira,BGD.3.17.6.4_1,1.44,0,0.0,-1.44,0,0,1.0,0.0,24.04867249984629,low,ঢাকা,টাঙ্গাইল,গোপালপুর,হাদিরা
2025-03,Mymensingh,Jamalpur,Islampur,CharGoalini,BGD.8.5.3.2_1,1.44,0,62.34448636994438,60.90448636994438,0,0,1.0,13.181510528008376,14.717584876769953,medium,ময়মনসিংহ,জামালপুর,ইসলামপুর,চরগোয়ালিনী
2025-03,Rajshahi,Bogra,BograSadar,Rajapur,BGD.5.1.2.9_1,1.44,0,0.0,-1.44,0,0,1.0,0.9140827220327776,12.033921804733069,low,রাজশাহী,বগুড়া,বগুড়া সদর,রাজাপুর
2025-03,Rajshahi,Bogra,Sonatola,Jorgachha,BGD.5.1.12.3_1,1.44,0,0.0,-1.44,0,0,1.0,29.215969865255587,29.093677325113987,medium,রাজশাহী,বগুড়া,সোনাতলা,জোড়গাছা
2025-03,Rajshahi,Sirajganj,UllahPara,Salanga,BGD.5.8.9.10_1,1.44,0,15.15676447870193,13.716764478701931,0,0,1.0,19.26429720081917,11.627727586681695,medium,রাজশাহী,সিরাজগঞ্জ,উল্লাপাড়া,সলঙ্গা
2025-03,Rangpur,Gaibandha,Saghatta,Muktanagar,BGD.6.2.6.8_1,1.44,0,0.0,-1.44,0,0,1.0,51.68160135890221,14.473235742165256,medium,রংপুর,গাইবান্ধা,সাঘাটা,মুক্তিনগর
2025-03,Rangpur,Kurigram,Ulipur,Pandul,BGD.6.3.9.10_1,1.44,0,0.0,-1.44,0,0,1.0,159.83075046637535,17.487248178741442,high,রংপুর,কুড়িগ্রাম,উলিপুর,পান্ডুল
2025-03,Rangpur,Rangpur,MithaPukur,Balarhat,BGD.6.7.4.1_1,1.44,0,0.0,-1.44,0,0,1.0,131.13051417471112,21.070610585105538,high,রংপুর,রংপুর,মিঠাপুকুর,বালারহাট
2025-03,Rajshahi,Bogra,Sherpur,Garidaha,BGD.5.1.10.3_1,1.4390581709914754,0,15.84,14.400941829008524,0,0,1.0,16.06845259919257,25.95147214243604,medium,রাজশাহী,বগুড়া,শেরপুর,গাড়িদহ
2025-03,Rangpur,Rangpur,Pirgachha,Itakumari,BGD.6.7.5.3_1,1.374744484156817,0,1.44,0.0652555158431829,0,0,1.0,188.50066026478373,6.742681952491028,high,রংপুর,রংপুর,পীরগাছা,ইটাকুমারী
2025-03,Rajshahi,Bogra,BograSadar,LahiriPara,BGD.5.1.2.5_1,0.5594382237793567,0,0.0,-0.5594382237793567,0,0,1.0,0.05567896695792048,17.96010333230055,low,রাজশাহী,বগুড়া,বগুড়া সদর,লাহিড়ীপাড়া
2025-03,Rangpur,Gaibandha,Saghatta,Bhartkhali,BGD.6.2.6.1_1,0.5342791143794707,0,0.0,-0.5342791143794707,0,0,1.0,198.73251689907084,14.50190459502742,high,রংপুর,গাইবান্ধা,সাঘাটা,ভরতখালী
2025-03,Mymensingh,Sherpur,Sreebardi,SreebardiPaurashava,BGD.8.16.5.10_1,0.4855876944383175,0,0.0,-0.4855876944383175,0,0,1.0,9.75232509384298,5.229522140540441,low,ময়মনসিংহ,শেরপুর,শ্রীবরদী,শ্রীবরদী পৌরসভা
2025-03,Rangpur,Gaibandha,Saghatta,Jummerbari,BGD.6.2.6.5_1,0.320592149231992,0,0.0,-0.320592149231992,0,0,1.0,0.0,18.7858730427986,low,রংপুর,গাইবান্ধা,সাঘাটা,জুমারবাড়ী
2025-03,Mymensingh,Sherpur,Sreebardi,Gosaipur,BGD.8.16.5.3_1,0.3202700470171573,0,0.0,-0.3202700470171573,0,0,1.0,3.3383351021697796,17.673480400949696,low,ময়মনসিংহ,শেরপুর,শ্রীবরদী,গোশাইপুর
2025-03,Mymensingh,Jamalpur,Islampur,IslampurPaurashava,BGD.8.5.3.8_1,0.1817521964527647,0,0.0,-0.1817521964527647,0,0,1.0,73.5613800840075,15.266162743514707,medium,ময়মনসিংহ,জামালপুর,ইসলামপুর,ইসলামপুর পৌরসভা
2025-03,Rangpur,Gaibandha,Palashbari,Barisal,BGD.6.2.4.1_1,0.06263412607304215,0,0.0,-0.06263412607304215,0,0,1.0,0.0,20.882154030676997,low,রংপুর,গাইবান্ধা,পলাশবাড়ী,বরিশাল
2025-03,Mymensingh,Jamalpur,Madarganj,Sidhuli,BGD.8.5.5.8_1,0.0129062925841369,0,1.44,1.427093707415863,0,0,1.0,14.24818290280738,21.406238401101977,medium,ময়মনসিংহ,জামালপুর,মাদারগঞ্জ,সিধুলী
2025-03,Dhaka,Tangail,Ghatail,Anehola,BGD.3.17.5.1_1,0.0,0,1.44,1.44,0,0,1.0,0.1310094970676473,22.8991032493693,low,ঢাকা,টাঙ্গাইল,ঘাটাইল,আনেহলা
2025-03,Dhaka,Tangail,Ghatail,Jamuria,BGD.3.17.5.9_1,0.0,0,34.96719337943592,34.96719337943592,0,0,1.0,8.42661091747395,23.61566256575833,low,ঢাকা,টাঙ্গাইল,ঘাটাইল,জামুরিয়া
2025-03,Dhaka,Tangail,Ghatail,LakherPara,BGD.3.17.5.10_1,0.0,0,21.192806620564077,21.192806620564077,0,0,1.0,0.0,18.282584178161105,low,ঢাকা,টাঙ্গাইল,ঘাটাইল,লোকেরপাড়া
2025-03,Mymensingh,Jamalpur,Bakshiganj,BagarChar,BGD.8.5.1.1_1,0.0,0,5.6734720832227055,5.6734720832227055,0,0,1.0,0.0,35.486106731895504,low,ময়মনসিংহ,জামালপুর,বকশীগঞ্জ,বগারচর
2025-03,Mymensingh,Jamalpur,Bakshiganj,MerurChar,BGD.8.5.1.5_1,0.0,0,104.28670942212169,104.28670942212169,0,0,1.0,9.558845780412126,37.76606593442034,low,ময়মনসিংহ,জামালপুর,বকশীগঞ্জ,মেরুরচর
2025-03,Mymensingh,Jamalpur,Bakshiganj,SadhurPara,BGD.8.5.1.7_1,0.0,0,1.2521086887764044,1.2521086887764044,0,0,1.0,0.0,25.99345259356854,low,ময়মনসিংহ,জামালপুর,বকশীগঞ্জ,সাধুরপাড়া
2025-03,Mymensingh,Jamalpur,Dewanganj,Hatebhanga,BGD.8.5.2.8_1,0.0,0,61.08656096165711,61.08656096165711,0,0,1.0,0.0,18.544423948769182,low,ময়মনসিংহ,জামালপুর,দেওয়ানগঞ্জ,হাতীভাঙ্গা
2025-03,Mymensingh,Jamalpur,Dewanganj,ParRamrampur,BGD.8.5.2.9_1,0.0,0,8.719503855039978,8.719503855039978,0,0,1.0,0.0,37.68690339305224,low,ময়মনসিংহ,জামালপুর,দেওয়ানগঞ্জ,পাররাম রামপুর
2025-03,Mymensingh,Jamalpur,Islampur,Gaibandha,BGD.8.5.3.5_1,0.0,0,429.41369257636103,429.41369257636103,0,0,1.0,17.291575705935017,35.73994704183511,medium,ময়মনসিংহ,জামালপুর,ইসলামপুর,গাইবান্ধা
2025-03,Mymensingh,Jamalpur,Islampur,GoalerChar,BGD.8.5.3.6_1,0.0,0,132.98765851674668,132.98765851674668,0,0,1.0,21.2234559862973,25.160840927357516,medium,ময়মনসিংহ,জামালপুর,ইসলামপুর,গোয়ালেরচর
2025-03,Mymensingh,Jamalpur,Madarganj,Karaichara,BGD.8.5.5.6_1,0.0,0,38.53850696967382,38.53850696967382,0,0,1.0,13.672673685661136,29.69426531591857,medium,ময়মনসিংহ,জামালপুর,মাদারগঞ্জ,কড়ইচড়া
2025-03,Mymensingh,Jamalpur,Melandaha,GhosherPara,BGD.8.5.6.5_1,0.0,0,20.26914927257393,20.26914927257393,0,0,1.0,8.067912038245487,31.97853407138866,low,ময়মনসিংহ,জামালপুর,মেলান্দহ,ঘোষেরপাড়া
2025-03,Mymensingh,Jamalpur,Sarishabari,Satpoa,BGD.8.5.7.9_1,0.0,0,7.2592809973716435,7.2592809973716435,0,0,1.0,0.3449924535705669,40.58059779309449,low,ময়মনসিংহ,জামালপুর,সরিষাবাড়ী,সাতপোয়া
2025-03,Mymensingh,Sherpur,Sreebardi,Bhelua,BGD.8.16.5.1_1,0.0,0,1.24741861129243,1.24741861129243,0,0,1.0,11.902094365272461,26.129855003286274,medium,ময়মনসিংহ,শেরপুর,শ্রীবরদী,ভেলুয়া
2025-03,Rajshahi,Bogra,BograSadar,Nishindara,BGD.5.1.2.7_1,0.0,0,15.84,15.84,0,0,1.0,195.72037758358033,14.19371878543247,high,রাজশাহী,বগুড়া,বগুড়া সদর,নিশিন্দারা
2025-03,Rajshahi,Bogra,Dhunat,DhunatPaurashava,BGD.5.1.3.5_1,0.0,0,1.44,1.44,0,0,1.0,3.8237486167208914,11.245509135188716,low,রাজশাহী,বগুড়া,ধুনট,ধুনট পৌরসভা
2025-03,Rajshahi,Bogra,Gabtali,GabtaliPaurashava,BGD.5.1.5.5_1,0.0,0,1.44,1.44,0,0,1.0,640.9431930702304,5.265677265146007,high,রাজশাহী,বগুড়া,গাবতলী,গাবতলী পৌরসভা
2025-03,Rajshahi,Bogra,Sariakandi,Bhelabari,BGD.5.1.8.1_1,0.0,0,5.76,5.76,0,0,1.0,35.71984592446873,14.61372484931187,medium,রাজশাহী,বগুড়া,সারিয়াকান্দি,ভেলাবাড়ী
2025-03,Rajshahi,Bogra,Sariakandi,Fulbari,BGD.5.1.8.5_1,0.0,0,1.44,1.44,0,0,1.0,0.0,23.411845735539107,low,রাজশাহী,বগুড়া,সারিয়াকান্দি,
2025-03,Rajshahi,Bogra,Shajahanpur,Aria,BGD.5.1.9.2_1,0.0,0,4.32,4.32,0,0,1.0,11.790171651354951,25.27528935219134,medium,রাজশাহী,বগুড়া,শাজাহানপুর,আড়িয়া
2025-03,Rajshahi,Bogra,Shajahanpur,Gohail,BGD.5.1.9.5_1,0.0,0,1.44,1.44,0,0,1.0,0.36133443277782035,19.37263478098752,low,রাজশাহী,বগুড়া,শাজাহানপুর,গোহাইল
2025-03,Rajshahi,Bogra,Shajahanpur,Kharna,BGD.5.1.9.6_1,0.0,0,85.7855398978401,85.7855398978401,0,0,1.0,1.9399783641362578,37.11381597395122,low,রাজশাহী,বগুড়া,শাজাহানপুর,খরনা
2025-03,Rajshahi,Bogra,Shajahanpur,Majhira,BGD.5.1.9.9_1,0.0,0,34.594806259152584,34.594806259152584,0,0,1.0,26.83321022116414,11.627382539339868,medium,রাজশাহী,বগুড়া,শাজাহানপুর,মাঝিড়া
2025-03,Rajshahi,Bogra,Shajahanpur,Paurashava,BGD.5.1.9.10_1,0.0,0,43.73223443000526,43.73223443000526,0,0,1.0,326.5699716169485,9.774321822044522,high,রাজশাহী,বগুড়া,শাজাহানপুর,পৌরসভা
2025-03,Rajshahi,Bogra,Sherpur,Shimabari,BGD.5.1.10.10_1,0.0,0,27.450433275301148,27.450433275301148,0,0,1.0,0.4728892300691114,21.146601284487975,low,রাজশাহী,বগুড়া,শেরপুর,সীমাবাড়ি
2025-03,Rajshahi,Bogra,Sherpur,Sughat,BGD.5.1.10.11_1,0.0,0,4.32,4.32,0,0,1.0,1.1125502662037072,24.26856639217802,low,রাজশাহী,বগুড়া,শেরপুর,সুঘাট
2025-03,Rajshahi,Bogra,Shibganj,Saidpur,BGD.5.1.11.11_1,0.0,0,1.44,1.44,0,0,1.0,1.6663481594906067,27.005160802503752,low,রাজশাহী,বগুড়া,শিবগঞ্জ,সৈয়দপুর
2025-03,Rajshahi,Sirajganj,Tarash,Saguna,BGD.5.8.8.6_1,0.0,0,0.297061955141497,0.297061955141497,0,0,1.0,2.2413048932627935,16.95440906510549,low,রাজশাহী,সিরাজগঞ্জ,তাড়াশ,সগুনা
2025-03,Rajshahi,Sirajganj,UllahPara,Ramkrishnapur,BGD.5.8.9.9_1,0.0,0,2.6765775297973304,2.6765775297973304,0,0,1.0,0.7126790536587945,12.628405386401157,low,রাজশাহী,সিরাজগঞ্জ,উল্লাপাড়া,রামকৃষ্ণপুর
2025-03,Rangpur,Gaibandha,Gobindaganj,Darbasta,BGD.6.2.3.1_1,0.0,0,39.794340216329154,39.794340216329154,0,0,1.0,0.02948610274528933,33.91428187842691,low,রংপুর,গাইবান্ধা,গোবিন্দগঞ্জ,দরবস্ত
2025-03,Rangpur,Gaibandha,Gobindaganj,TalukKanupur,BGD.6.2.3.18_1,0.0,0,1.9656597836708474,1.9656597836708474,0,0,1.0,0.03525020649318375,28.368628143876766,low,রংপুর,গাইবান্ধা,গোবিন্দগঞ্জ,তালুককানুপুর
2025-03,Rangpur,Gaibandha,Palashbari,Palashbari,BGD.6.2.4.9_1,0.0,0,1.553536315718961,1.553536315718961,0,0,1.0,12.386563560590314,13.886014402513016,medium,রংপুর,গাইবান্ধা,পলাশবাড়ী,পলাশবাড়ী
2025-03,Rangpur,Gaibandha,Sadullapur,Idilpur,BGD.6.2.5.6_1,0.0,0,8.526463684281039,8.526463684281039,0,0,1.0,0.0,4.2401116664401375,low,রংপুর,গাইবান্ধা,সাদুল্লাপুর,ইদিলপুর
2025-03,Rangpur,Kurigram,Raumari,JadurChar,BGD.6.3.8.3_1,0.0,0,318.51016943733305,318.51016943733305,0,0,1.0,328.3993310918872,36.11152300636634,high,রংপুর,কুড়িগ্রাম,রৌমারী,যাদুরচর
2025-03,Rangpur,Kurigram,Raumari,Raumari,BGD.6.3.8.4_1,0.0,0,561.1978814877813,561.1978814877813,0,0,1.0,301.5088173350278,36.940876550299286,high,রংপুর,কুড়িগ্রাম,রৌমারী,রৌমারী
2025-03,Rangpur,Kurigram,Raumari,Saulmari,BGD.6.3.8.5_1,0.0,0,110.93822242052747,110.93822242052747,0,0,1.0,291.6402114778097,24.543940507136263,high,রংপুর,কুড়িগ্রাম,রৌমারী,শৌলমারী
2025-03,Rangpur,Rangpur,MithaPukur,Bhangni,BGD.6.7.4.5_1,0.0,0,1.44,1.44,0,0,1.0,,0.0,not measured,রংপুর,রংপুর,মিঠাপুকুর,ভাংনী
